{"type":"FeatureCollection","features":[{"type":"Feature","properties":{"Name":"Line 7"},"geometry":{"type":"MultiLineString","coordinates":[[[-82.46122,42.91138],[-82.46086,42.9114],[-82.46016,42.91142],[-82.4591,42.91147],[-82.45769,42.91152],[-82.45593,42.91159],[-82.45382,42.91167],[-82.45136,42.91177],[-82.44854,42.91188],[-82.44591,42.91231],[-82.44346,42.91306],[-82.44119,42.91412],[-82.4391,42.9155],[-82.4372,42.91719],[-82.43548,42.9192],[-82.43395,42.92153],[-82.43259,42.92417],[-82.43022,42.92651],[-82.42683,42.92855],[-82.42242,42.93029],[-82.417,42.93173],[-82.41055,42.93286],[-82.40308,42.93369],[-82.3946,42.93423],[-82.3851,42.93445],[-82.37668,42.93484],[-82.36933,42.93538],[-82.36306,42.93608],[-82.35788,42.93694],[-82.35377,42.93795],[-82.35074,42.93913],[-82.34878,42.94045],[-82.34791,42.94194],[-82.34485,42.94353],[-82.3396,42.94523],[-82.33217,42.94704],[-82.32255,42.94896],[-82.31075,42.95098],[-82.29676,42.95311],[-82.28058,42.95535],[-82.26222,42.95769],[-82.24424,42.9602],[-82.22666,42.96285],[-82.20946,42.96566],[-82.19265,42.96863],[-82.17623,42.97175],[-82.1602,42.97503],[-82.14456,42.97846],[-82.12931,42.98205],[-82.1104,42.98593],[-82.08783,42.99011],[-82.0616,42.99459],[-82.03171,42.99936],[-81.99816,43.00443],[-81.96096,43.00979],[-81.92009,43.01546],[-81.87557,43.02141],[-81.83218,43.02742],[-81.78994,43.03347],[-81.74883,43.03957],[-81.70887,43.04572],[-81.67004,43.05192],[-81.63236,43.05817],[-81.59581,43.06446],[-81.5604,43.0708],[-81.52711,43.077],[-81.49593,43.08306],[-81.46687,43.08898],[-81.43992,43.09476],[-81.41509,43.1004],[-81.39237,43.1059],[-81.37177,43.11126],[-81.35329,43.11647],[-81.33334,43.12165],[-81.31193,43.12678],[-81.28906,43.13188],[-81.26473,43.13693],[-81.23894,43.14195],[-81.21168,43.14692],[-81.18296,43.15185],[-81.15278,43.15675],[-81.12441,43.16163],[-81.09785,43.16652],[-81.07309,43.1714],[-81.05015,43.17628],[-81.02901,43.18115],[-81.00968,43.18602],[-80.99216,43.19089],[-80.97645,43.19575],[-80.9622,43.19998],[-80.94942,43.20356],[-80.9381,43.2065],[-80.92825,43.20879],[-80.91986,43.21045],[-80.91294,43.21146],[-80.90749,43.21184],[-80.9035,43.21157],[-80.89761,43.212],[-80.88982,43.21314],[-80.88012,43.21497],[-80.86852,43.21751],[-80.85503,43.22075],[-80.83963,43.22469],[-80.82232,43.22934],[-80.80312,43.23468],[-80.78238,43.23996],[-80.76011,43.24516],[-80.7363,43.2503],[-80.71096,43.25536],[-80.68409,43.26035],[-80.65569,43.26528],[-80.62575,43.27013],[-80.59427,43.27491],[-80.5663,43.27885],[-80.54183,43.28194],[-80.52086,43.2842],[-80.50339,43.28561],[-80.48943,43.28617],[-80.47896,43.2859],[-80.47199,43.28478],[-80.46853,43.28282],[-80.45987,43.28205],[-80.446,43.28249],[-80.42694,43.28412],[-80.40267,43.28695],[-80.37321,43.29098],[-80.33855,43.2962],[-80.29868,43.30262],[-80.25362,43.31024],[-80.21411,43.31678],[-80.18017,43.32223],[-80.15178,43.3266],[-80.12894,43.32988],[-80.11167,43.33208],[-80.09995,43.33319],[-80.09379,43.33322],[-80.09319,43.33216],[-80.09267,43.33124],[-80.09221,43.33045],[-80.09184,43.32979],[-80.09154,43.32926],[-80.09131,43.32886],[-80.09116,43.3286],[-80.09109,43.32847]]]}},{"type":"Feature","properties":{"Name":"Line 5"},"geometry":{"type":"MultiLineString","coordinates":[[[-92.06141,46.68775],[-92.06105,46.68762],[-92.06034,46.68734],[-92.05927,46.68693],[-92.05785,46.68639],[-92.05607,46.6857],[-92.05393,46.68488],[-92.05144,46.68392],[-92.0486,46.68283],[-92.04592,46.68195],[-92.04342,46.68129],[-92.04109,46.68085],[-92.03892,46.68063],[-92.03693,46.68062],[-92.03512,46.68084],[-92.03347,46.68127],[-92.03199,46.68192],[-92.03042,46.68223],[-92.02876,46.68221],[-92.027,46.68185],[-92.02515,46.68116],[-92.0232,46.68013],[-92.02116,46.67876],[-92.01903,46.67706],[-92.0168,46.67503],[-92.01145,46.67281],[-92.003,46.67041],[-91.99142,46.66783],[-91.97673,46.66507],[-91.95892,46.66212],[-91.938,46.659],[-91.91397,46.65569],[-91.88682,46.6522],[-91.85458,46.64869],[-91.81727,46.64515],[-91.77487,46.64159],[-91.72739,46.63801],[-91.67482,46.6344],[-91.61717,46.63077],[-91.55444,46.62711],[-91.48663,46.62343],[-91.42381,46.61967],[-91.36599,46.61583],[-91.31316,46.6119],[-91.26533,46.6079],[-91.22249,46.6038],[-91.18464,46.59963],[-91.1518,46.59538],[-91.12394,46.59104],[-91.0992,46.58702],[-91.07758,46.58333],[-91.05907,46.57996],[-91.04368,46.5769],[-91.0314,46.57418],[-91.02223,46.57177],[-91.01618,46.56968],[-91.01325,46.56792],[-91.00678,46.56619],[-90.99678,46.5645],[-90.98325,46.56285],[-90.96619,46.56124],[-90.9456,46.55967],[-90.92147,46.55813],[-90.89381,46.55663],[-90.86262,46.55517],[-90.83165,46.55331],[-90.80089,46.55106],[-90.77034,46.5484],[-90.74,46.54535],[-90.70988,46.54189],[-90.67997,46.53804],[-90.65027,46.53379],[-90.62079,46.52915],[-90.59061,46.5247],[-90.55973,46.52046],[-90.52815,46.51642],[-90.49587,46.51258],[-90.46289,46.50895],[-90.42921,46.50552],[-90.39484,46.50229],[-90.35976,46.49927],[-90.32601,46.49691],[-90.29359,46.49521],[-90.2625,46.49418],[-90.23273,46.49381],[-90.20429,46.49411],[-90.17717,46.49507],[-90.15138,46.49669],[-90.12692,46.49898],[-90.10323,46.50086],[-90.0803,46.50233],[-90.05816,46.50339],[-90.03678,46.50404],[-90.01617,46.50429],[-89.99633,46.50412],[-89.97727,46.50355],[-89.95897,46.50257],[-89.94068,46.50029],[-89.92239,46.49671],[-89.90409,46.49182],[-89.8858,46.48564],[-89.86751,46.47815],[-89.84922,46.46937],[-89.83093,46.45928],[-89.81264,46.44789],[-89.79252,46.4371],[-89.77056,46.42688],[-89.74676,46.41726],[-89.72114,46.40822],[-89.69367,46.39977],[-89.66438,46.39191],[-89.63324,46.38464],[-89.60028,46.37795],[-89.57068,46.37155],[-89.54444,46.36545],[-89.52157,46.35963],[-89.50207,46.3541],[-89.48593,46.34886],[-89.47316,46.3439],[-89.46375,46.33924],[-89.45771,46.33487],[-89.45042,46.33045],[-89.44188,46.32599],[-89.43209,46.32148],[-89.42105,46.31693],[-89.40876,46.31233],[-89.39522,46.30769],[-89.38044,46.303],[-89.36441,46.29827],[-89.34748,46.29375],[-89.32966,46.28945],[-89.31095,46.28536],[-89.29134,46.28149],[-89.27085,46.27783],[-89.24946,46.27438],[-89.22717,46.27115],[-89.204,46.26813],[-89.18167,46.26436],[-89.1602,46.25984],[-89.13958,46.25456],[-89.1198,46.24853],[-89.10088,46.24174],[-89.0828,46.2342],[-89.06558,46.2259],[-89.04921,46.21685],[-89.03308,46.20851],[-89.01722,46.20088],[-89.0016,46.19396],[-88.98624,46.18776],[-88.97113,46.18226],[-88.95628,46.17748],[-88.94167,46.17341],[-88.92732,46.17006],[-88.91329,46.16702],[-88.89958,46.16431],[-88.88619,46.16191],[-88.87311,46.15984],[-88.86036,46.15809],[-88.84792,46.15667],[-88.8358,46.15556],[-88.824,46.15478],[-88.81266,46.15356],[-88.80176,46.1519],[-88.79132,46.1498],[-88.78133,46.14726],[-88.77178,46.14428],[-88.7627,46.14086],[-88.75406,46.13701],[-88.74587,46.13271],[-88.7371,46.12914],[-88.72773,46.12628],[-88.71776,46.12413],[-88.70721,46.1227],[-88.69606,46.12199],[-88.68432,46.122],[-88.67199,46.12272],[-88.65906,46.12416],[-88.64597,46.12498],[-88.63272,46.12518],[-88.61929,46.12476],[-88.6057,46.12373],[-88.59195,46.12208],[-88.57803,46.11981],[-88.56394,46.11692],[-88.54969,46.11342],[-88.53583,46.11039],[-88.52237,46.10784],[-88.50931,46.10577],[-88.49664,46.10418],[-88.48436,46.10306],[-88.47248,46.10243],[-88.461,46.10227],[-88.44992,46.10259],[-88.43944,46.10254],[-88.42959,46.10214],[-88.42034,46.10137],[-88.41171,46.10024],[-88.40369,46.09876],[-88.39628,46.0969],[-88.38949,46.09469],[-88.38331,46.09212],[-88.36678,46.09001],[-88.33991,46.08836],[-88.30269,46.08718],[-88.25512,46.08645],[-88.19721,46.08619],[-88.12896,46.0864],[-88.05036,46.08706],[-87.96141,46.08819],[-87.87308,46.08688],[-87.78537,46.08312],[-87.69828,46.07693],[-87.6118,46.0683],[-87.52595,46.05723],[-87.44072,46.04372],[-87.3561,46.02778],[-87.2721,46.00939],[-87.19408,45.99319],[-87.12204,45.97917],[-87.05597,45.96734],[-86.99587,45.9577],[-86.94175,45.95024],[-86.89361,45.94497],[-86.85144,45.94188],[-86.81525,45.94098],[-86.78214,45.94042],[-86.75211,45.94022],[-86.72517,45.94036],[-86.7013,45.94085],[-86.68052,45.94168],[-86.66282,45.94286],[-86.64821,45.94439],[-86.63667,45.94627],[-86.62248,45.94768],[-86.60563,45.94864],[-86.58611,45.94913],[-86.56394,45.94915],[-86.53911,45.94872],[-86.51162,45.94782],[-86.48147,45.94646],[-86.44866,45.94464],[-86.41938,45.94324],[-86.39361,45.94227],[-86.37136,45.94171],[-86.35264,45.94158],[-86.33743,45.94186],[-86.32575,45.94257],[-86.31759,45.9437],[-86.31294,45.94525],[-86.30862,45.94697],[-86.30461,45.94886],[-86.30092,45.95092],[-86.29755,45.95315],[-86.2945,45.95556],[-86.29176,45.95813],[-86.28934,45.96088],[-86.28724,45.96379],[-86.28361,45.96673],[-86.27844,45.96969],[-86.27175,45.97267],[-86.26352,45.97567],[-86.25377,45.9787],[-86.24248,45.98174],[-86.22966,45.98481],[-86.21531,45.9879],[-86.20029,45.99148],[-86.1846,45.99554],[-86.16824,46.00009],[-86.15121,46.00512],[-86.13352,46.01064],[-86.11515,46.01665],[-86.09612,46.02314],[-86.07642,46.03011],[-86.05821,46.03695],[-86.04148,46.04364],[-86.02625,46.05019],[-86.0125,46.05659],[-86.00024,46.06286],[-85.98948,46.06898],[-85.9802,46.07496],[-85.97241,46.0808],[-85.96102,46.08594],[-85.94603,46.09039],[-85.92744,46.09414],[-85.90525,46.09719],[-85.87947,46.09955],[-85.85008,46.10121],[-85.8171,46.10217],[-85.78051,46.10244],[-85.74638,46.10297],[-85.71472,46.10375],[-85.68551,46.10479],[-85.65876,46.10609],[-85.63446,46.10765],[-85.61263,46.10946],[-85.59325,46.11153],[-85.57634,46.11385],[-85.5585,46.11577],[-85.53973,46.11728],[-85.52004,46.11838],[-85.49943,46.11908],[-85.4779,46.11937],[-85.45544,46.11925],[-85.43206,46.11872],[-85.40776,46.11779],[-85.38469,46.11653],[-85.36287,46.11495],[-85.34228,46.11305],[-85.32294,46.11083],[-85.30483,46.10828],[-85.28797,46.10541],[-85.27234,46.10222],[-85.25796,46.0987],[-85.24276,46.09471],[-85.22674,46.09024],[-85.20991,46.08528],[-85.19227,46.07984],[-85.17381,46.07393],[-85.15453,46.06753],[-85.13444,46.06065],[-85.11354,46.05329],[-85.09122,46.04456],[-85.0675,46.03445],[-85.04236,46.02297],[-85.01581,46.01011],[-84.98785,45.99588],[-84.95849,45.98028],[-84.92771,45.9633],[-84.89551,45.94494],[-84.86691,45.92839],[-84.84188,45.91362],[-84.82045,45.90066],[-84.80259,45.88949],[-84.78832,45.88011],[-84.77763,45.87253],[-84.77053,45.86675],[-84.76701,45.86276],[-84.76424,45.85817],[-84.76221,45.85295],[-84.76094,45.84713],[-84.76042,45.84069],[-84.76064,45.83364],[-84.76161,45.82598],[-84.76334,45.8177],[-84.76581,45.80882],[-84.76729,45.80028],[-84.7678,45.79209],[-84.76731,45.78424],[-84.76584,45.77675],[-84.76338,45.7696],[-84.75994,45.76281],[-84.75552,45.75636],[-84.7501,45.75026],[-84.74508,45.74375],[-84.74043,45.73681],[-84.73618,45.72946],[-84.7323,45.72169],[-84.72882,45.71351],[-84.72571,45.70491],[-84.723,45.69589],[-84.72066,45.68646],[-84.71815,45.67795],[-84.71545,45.67036],[-84.71256,45.66371],[-84.70949,45.65798],[-84.70623,45.65317],[-84.70279,45.64929],[-84.69917,45.64634],[-84.69536,45.64431],[-84.69137,45.64162],[-84.68721,45.63826],[-84.68287,45.63424],[-84.67836,45.62955],[-84.67366,45.6242],[-84.66879,45.61818],[-84.66375,45.6115],[-84.65852,45.60415],[-84.65355,45.59533],[-84.64884,45.58503],[-84.64439,45.57327],[-84.64019,45.56002],[-84.63625,45.54531],[-84.63256,45.52912],[-84.62913,45.51145],[-84.62596,45.49232],[-84.62222,45.47399],[-84.61791,45.45648],[-84.61304,45.43978],[-84.60761,45.42389],[-84.60161,45.40881],[-84.59504,45.39454],[-84.58791,45.38109],[-84.58022,45.36845],[-84.57235,45.35366],[-84.56431,45.33674],[-84.55611,45.31769],[-84.54773,45.29649],[-84.53918,45.27316],[-84.53046,45.24769],[-84.52157,45.22008],[-84.51251,45.19033],[-84.50311,45.16118],[-84.49336,45.13264],[-84.48327,45.1047],[-84.47285,45.07736],[-84.46208,45.05062],[-84.45096,45.02449],[-84.43951,44.99896],[-84.42772,44.97403],[-84.41603,44.94856],[-84.40444,44.92253],[-84.39297,44.89596],[-84.3816,44.86884],[-84.37034,44.84117],[-84.35918,44.81296],[-84.34813,44.78419],[-84.33719,44.75488],[-84.32714,44.72755],[-84.31799,44.70221],[-84.30974,44.67886],[-84.30239,44.65749],[-84.29594,44.6381],[-84.29038,44.6207],[-84.28572,44.60529],[-84.28196,44.59186],[-84.2787,44.57949],[-84.27592,44.56818],[-84.27364,44.55793],[-84.27186,44.54874],[-84.27057,44.54061],[-84.26977,44.53354],[-84.26947,44.52753],[-84.26967,44.52258],[-84.26893,44.51625],[-84.26727,44.50855],[-84.26469,44.49947],[-84.26117,44.48902],[-84.25674,44.47719],[-84.25137,44.46399],[-84.24508,44.44941],[-84.23786,44.43345],[-84.23119,44.41759],[-84.22507,44.40184],[-84.21949,44.38618],[-84.21446,44.37063],[-84.20998,44.35517],[-84.20605,44.33982],[-84.20266,44.32456],[-84.19981,44.30941],[-84.19507,44.29052],[-84.18844,44.26791],[-84.1799,44.24156],[-84.16947,44.21148],[-84.15715,44.17768],[-84.14292,44.14014],[-84.1268,44.09887],[-84.10878,44.05387],[-84.09197,44.00951],[-84.07637,43.96579],[-84.06198,43.9227],[-84.0488,43.88026],[-84.03683,43.83845],[-84.02606,43.79728],[-84.0165,43.75675],[-84.00815,43.71686],[-84.00024,43.68155],[-83.99276,43.65082],[-83.98571,43.62467],[-83.97909,43.6031],[-83.97291,43.58611],[-83.96715,43.5737],[-83.96184,43.56587],[-83.95695,43.56262],[-83.95046,43.55964],[-83.94237,43.55692],[-83.93268,43.55447],[-83.92138,43.55228],[-83.90849,43.55036],[-83.89399,43.5487],[-83.87788,43.54731],[-83.86018,43.54619],[-83.84335,43.54411],[-83.82739,43.54109],[-83.8123,43.53711],[-83.79809,43.53218],[-83.78475,43.5263],[-83.77228,43.51947],[-83.76068,43.51169],[-83.74996,43.50296],[-83.74059,43.49481],[-83.73259,43.48724],[-83.72593,43.48026],[-83.72064,43.47385],[-83.71671,43.46803],[-83.71413,43.46278],[-83.71291,43.45812],[-83.71304,43.45404],[-83.71255,43.45041],[-83.71144,43.44724],[-83.7097,43.44451],[-83.70734,43.44224],[-83.70435,43.44041],[-83.70073,43.43904],[-83.69649,43.43812],[-83.69163,43.43765],[-83.68601,43.43638],[-83.67963,43.43431],[-83.67251,43.43143],[-83.66463,43.42775],[-83.65599,43.42327],[-83.64661,43.41799],[-83.63647,43.4119],[-83.62557,43.40501],[-83.6155,43.39896],[-83.60624,43.39375],[-83.5978,43.38937],[-83.59018,43.38582],[-83.58337,43.38312],[-83.57739,43.38125],[-83.57222,43.38021],[-83.56787,43.38001],[-83.56361,43.37954],[-83.55945,43.37878],[-83.55538,43.37775],[-83.5514,43.37644],[-83.54752,43.37485],[-83.54372,43.37299],[-83.54003,43.37084],[-83.53642,43.36842],[-83.52959,43.36523],[-83.51952,43.36126],[-83.50622,43.35653],[-83.48969,43.35102],[-83.46992,43.34475],[-83.44693,43.3377],[-83.4207,43.32988],[-83.39124,43.32129],[-83.36294,43.31254],[-83.33579,43.30362],[-83.3098,43.29453],[-83.28496,43.28528],[-83.26128,43.27587],[-83.23876,43.26628],[-83.21739,43.25653],[-83.19718,43.24662],[-83.17873,43.23788],[-83.16204,43.23031],[-83.14711,43.22391],[-83.13395,43.21869],[-83.12254,43.21463],[-83.11289,43.21175],[-83.105,43.21004],[-83.09888,43.2095],[-83.09226,43.20818],[-83.08515,43.20609],[-83.07754,43.20321],[-83.06944,43.19955],[-83.06085,43.1951],[-83.05176,43.18988],[-83.04219,43.18388],[-83.03212,43.1771],[-83.02206,43.17073],[-83.01203,43.16477],[-83.00202,43.15922],[-82.99204,43.15408],[-82.98207,43.14935],[-82.97212,43.14503],[-82.96219,43.14112],[-82.95228,43.13763],[-82.94062,43.13289],[-82.92719,43.1269],[-82.91201,43.11968],[-82.89507,43.11121],[-82.87637,43.1015],[-82.85591,43.09054],[-82.8337,43.07834],[-82.80972,43.0649],[-82.78705,43.05251],[-82.7657,43.04117],[-82.74565,43.03088],[-82.72691,43.02165],[-82.70948,43.01347],[-82.69336,43.00635],[-82.67854,43.00027],[-82.66504,42.99525],[-82.65154,42.98968],[-82.63803,42.98354],[-82.62452,42.97685],[-82.61101,42.9696],[-82.5975,42.96179],[-82.58399,42.95343],[-82.57047,42.94451],[-82.55696,42.93503],[-82.54465,42.92672],[-82.53356,42.91958],[-82.52367,42.91361],[-82.515,42.90881],[-82.50753,42.90518],[-82.50127,42.90272],[-82.49623,42.90143],[-82.49239,42.90131],[-82.48903,42.9012],[-82.48615,42.90111],[-82.48376,42.90104],[-82.48184,42.90097],[-82.4804,42.90093],[-82.47944,42.9009],[-82.47896,42.90088]]]}},{"type":"Feature","properties":{"Name":"Line 65"},"geometry":{"type":"MultiLineString","coordinates":[[[-101.24017,49.75348],[-101.23515,49.75318],[-101.2251,49.75257],[-101.21002,49.75165],[-101.18992,49.75043],[-101.1648,49.74891],[-101.13465,49.74707],[-101.09948,49.74494],[-101.05928,49.74249],[-101.02375,49.7402],[-100.99288,49.73806],[-100.96667,49.73607],[-100.94514,49.73423],[-100.92826,49.73254],[-100.91605,49.73101],[-100.90851,49.72962],[-100.90563,49.72838],[-100.8995,49.7272],[-100.89013,49.72606],[-100.8775,49.72497],[-100.86163,49.72394],[-100.84251,49.72295],[-100.82014,49.72202],[-100.79452,49.72114],[-100.76565,49.7203],[-100.73931,49.71929],[-100.71549,49.7181],[-100.69419,49.71673],[-100.67541,49.71518],[-100.65916,49.71346],[-100.64543,49.71155],[-100.63422,49.70947],[-100.62554,49.70721],[-100.60382,49.70342],[-100.56908,49.6981],[-100.52131,49.69126],[-100.46051,49.68288],[-100.38668,49.67298],[-100.29983,49.66156],[-100.19994,49.6486],[-100.08703,49.63412],[-99.98811,49.62129],[-99.90319,49.61012],[-99.83226,49.6006],[-99.77533,49.59273],[-99.73239,49.58652],[-99.70345,49.58197],[-99.68851,49.57907],[-99.68755,49.57783],[-99.68511,49.57671],[-99.68117,49.57572],[-99.67573,49.57486],[-99.6688,49.57413],[-99.66038,49.57353],[-99.65046,49.57305],[-99.63905,49.5727],[-99.62614,49.57248],[-99.61484,49.57229],[-99.60516,49.57212],[-99.5971,49.57199],[-99.59064,49.57188],[-99.5858,49.57179],[-99.58258,49.57174],[-99.58096,49.57171]],[[-99.70223,49.58435],[-99.69476,49.58347],[-99.67984,49.58169],[-99.65745,49.57903],[-99.6276,49.57547],[-99.59029,49.57104],[-99.54551,49.56571],[-99.49327,49.55949],[-99.43357,49.55239],[-99.37812,49.54528],[-99.32691,49.53816],[-99.27995,49.53104],[-99.23724,49.52391],[-99.19877,49.51678],[-99.16455,49.50963],[-99.13457,49.50248],[-99.10884,49.49533],[-99.07338,49.48484],[-99.02819,49.47103],[-98.97327,49.45389],[-98.90861,49.43342],[-98.83423,49.40962],[-98.75011,49.38249],[-98.65625,49.35203],[-98.55267,49.31824],[-98.4556,49.28683],[-98.36504,49.25779],[-98.28098,49.23113],[-98.20344,49.20684],[-98.13241,49.18493],[-98.06789,49.16539],[-98.00988,49.14822],[-97.95838,49.13343],[-97.91307,49.12014],[-97.87395,49.10835],[-97.84101,49.09805],[-97.81427,49.08926],[-97.79372,49.08196],[-97.77936,49.07616],[-97.77119,49.07185],[-97.76921,49.06905],[-97.76635,49.06649],[-97.76262,49.06419],[-97.75802,49.06214],[-97.75253,49.06034],[-97.74618,49.05879],[-97.73894,49.05749],[-97.73084,49.05645],[-97.72185,49.05565],[-97.71193,49.05447],[-97.70106,49.05289],[-97.68924,49.05092],[-97.67649,49.04855],[-97.66279,49.0458],[-97.64815,49.04265],[-97.63257,49.03911],[-97.61604,49.03518],[-97.59182,49.02476],[-97.55991,49.00783],[-97.52029,48.98442],[-97.47299,48.9545],[-97.41799,48.9181],[-97.35529,48.87519],[-97.2849,48.82579],[-97.20681,48.7699],[-97.1361,48.71904],[-97.07275,48.67322],[-97.01678,48.63243],[-96.96819,48.59668],[-96.92696,48.56597],[-96.89311,48.54029],[-96.86663,48.51965],[-96.84752,48.50404],[-96.82579,48.48699],[-96.80144,48.46848],[-96.77447,48.44853],[-96.74489,48.42713],[-96.71268,48.40429],[-96.67785,48.37999],[-96.64041,48.35425],[-96.60034,48.32706],[-96.55887,48.2984],[-96.516,48.26826],[-96.47172,48.23664],[-96.42604,48.20355],[-96.37895,48.16899],[-96.33046,48.13295],[-96.28056,48.09543],[-96.22927,48.05644],[-96.18344,48.02179],[-96.14308,47.99149],[-96.1082,47.96552],[-96.07879,47.9439],[-96.05485,47.92662],[-96.03639,47.91368],[-96.02339,47.90508],[-96.01587,47.90083],[-96.00031,47.89404],[-95.97672,47.88471],[-95.94509,47.87285],[-95.90543,47.85846],[-95.85774,47.84153],[-95.80201,47.82206],[-95.73825,47.80006],[-95.66645,47.77553],[-95.60362,47.75406],[-95.54977,47.73566],[-95.5049,47.72033],[-95.469,47.70806],[-95.44208,47.69886],[-95.42413,47.69272],[-95.41515,47.68966]]]}},{"type":"Feature","properties":{"Name":"Line 3/93"},"geometry":{"type":"MultiLineString","coordinates":[[[-113.3562,53.54164],[-113.35186,53.53739],[-113.34318,53.52888],[-113.33016,53.51613],[-113.3128,53.49912],[-113.2911,53.47785],[-113.26506,53.45234],[-113.23468,53.42257],[-113.19996,53.38856],[-113.16598,53.3574],[-113.13274,53.32912],[-113.10024,53.3037],[-113.06848,53.28115],[-113.03745,53.26146],[-113.00717,53.24464],[-112.97763,53.23069],[-112.94883,53.2196],[-112.92013,53.20901],[-112.89154,53.19891],[-112.86305,53.1893],[-112.83467,53.18018],[-112.80639,53.17156],[-112.77822,53.16343],[-112.75015,53.15579],[-112.72219,53.14865],[-112.69308,53.14081],[-112.66282,53.13228],[-112.63141,53.12305],[-112.59884,53.11313],[-112.56513,53.10251],[-112.53026,53.0912],[-112.49425,53.07919],[-112.45708,53.06648],[-112.40514,53.04824],[-112.33842,53.02446],[-112.25691,52.99514],[-112.16064,52.96028],[-112.04958,52.91988],[-111.92374,52.87395],[-111.78313,52.82247],[-111.62774,52.76546],[-111.48584,52.71375],[-111.35743,52.66733],[-111.24251,52.62621],[-111.14108,52.59039],[-111.05314,52.55987],[-110.9787,52.53464],[-110.91774,52.51471],[-110.87028,52.50008],[-110.82683,52.48652],[-110.78741,52.47401],[-110.752,52.46257],[-110.72061,52.45219],[-110.69324,52.44288],[-110.66989,52.43463],[-110.65055,52.42744],[-110.63524,52.42131],[-110.60413,52.41008],[-110.55724,52.39374],[-110.49455,52.37229],[-110.41608,52.34573],[-110.32181,52.31407],[-110.21176,52.2773],[-110.08591,52.23542],[-109.94428,52.18843],[-109.81083,52.14376],[-109.68558,52.10141],[-109.56851,52.06138],[-109.45962,52.02367],[-109.35893,51.98828],[-109.26643,51.9552],[-109.18211,51.92445],[-109.10598,51.89601],[-109.02299,51.86726],[-108.93314,51.8382],[-108.83644,51.80882],[-108.73287,51.77912],[-108.62245,51.7491],[-108.50517,51.71878],[-108.38103,51.68813],[-108.25003,51.65717],[-108.12721,51.62797],[-108.01257,51.60052],[-107.90611,51.57484],[-107.80784,51.55092],[-107.71774,51.52875],[-107.63583,51.50835],[-107.5621,51.4897],[-107.49655,51.47282],[-107.43448,51.45704],[-107.37589,51.44238],[-107.32078,51.42884],[-107.26916,51.41641],[-107.22102,51.4051],[-107.17635,51.39489],[-107.13517,51.38581],[-107.09748,51.37784],[-107.06096,51.36955],[-107.02562,51.36094],[-106.99145,51.35202],[-106.95847,51.34278],[-106.92667,51.33323],[-106.89605,51.32336],[-106.8666,51.31318],[-106.83834,51.30268],[-106.79893,51.28732],[-106.74837,51.26711],[-106.68666,51.24205],[-106.61381,51.21213],[-106.52981,51.17736],[-106.43466,51.13774],[-106.32837,51.09327],[-106.21093,51.04394],[-106.10241,50.99789],[-106.00282,50.95513],[-105.91215,50.91565],[-105.83041,50.87946],[-105.75759,50.84655],[-105.6937,50.81693],[-105.63873,50.79059],[-105.59269,50.76753],[-105.54854,50.74598],[-105.50628,50.72594],[-105.46592,50.7074],[-105.42745,50.69036],[-105.39088,50.67483],[-105.3562,50.6608],[-105.32342,50.64828],[-105.29253,50.63727],[-105.26165,50.62599],[-105.23078,50.61445],[-105.19992,50.60265],[-105.16907,50.5906],[-105.13823,50.57828],[-105.10739,50.5657],[-105.07657,50.55286],[-105.04576,50.53977],[-105.01343,50.5283],[-104.97958,50.51847],[-104.94421,50.51027],[-104.90732,50.50371],[-104.86891,50.49878],[-104.82899,50.49548],[-104.78754,50.49381],[-104.74458,50.49378],[-104.70683,50.49359],[-104.67429,50.49323],[-104.64698,50.49271],[-104.62487,50.49204],[-104.60799,50.4912],[-104.59632,50.49019],[-104.58986,50.48903],[-104.58863,50.48771],[-104.57982,50.48487],[-104.56345,50.48052],[-104.53952,50.47466],[-104.50802,50.46729],[-104.46896,50.4584],[-104.42233,50.448],[-104.36814,50.43609],[-104.30638,50.42267],[-104.24578,50.40896],[-104.18634,50.39498],[-104.12807,50.3807],[-104.07095,50.36615],[-104.015,50.35132],[-103.96021,50.3362],[-103.90658,50.3208],[-103.85411,50.30512],[-103.80665,50.29129],[-103.7642,50.27931],[-103.72675,50.26918],[-103.69431,50.26089],[-103.66687,50.25446],[-103.64444,50.24988],[-103.62702,50.24714],[-103.6146,50.24626],[-103.6015,50.24496],[-103.58772,50.24325],[-103.57325,50.24113],[-103.5581,50.23859],[-103.54226,50.23565],[-103.52574,50.23229],[-103.50854,50.22852],[-103.49065,50.22434],[-103.47095,50.22032],[-103.44942,50.21646],[-103.42608,50.21275],[-103.40092,50.20921],[-103.37394,50.20583],[-103.34515,50.2026],[-103.31453,50.19954],[-103.2821,50.19664],[-103.25229,50.19379],[-103.2251,50.19099],[-103.20054,50.18824],[-103.1786,50.18555],[-103.15928,50.1829],[-103.14259,50.18032],[-103.12852,50.17778],[-103.11707,50.17529],[-103.10409,50.17281],[-103.08957,50.17034],[-103.07352,50.16786],[-103.05593,50.16539],[-103.0368,50.16292],[-103.01614,50.16045],[-102.99394,50.15799],[-102.9702,50.15553],[-102.93923,50.15163],[-102.90101,50.14631],[-102.85555,50.13955],[-102.80285,50.13136],[-102.74291,50.12173],[-102.67573,50.11068],[-102.60131,50.09819],[-102.51964,50.08427],[-102.44307,50.07076],[-102.3716,50.05766],[-102.30523,50.04498],[-102.24396,50.0327],[-102.18778,50.02083],[-102.1367,50.00938],[-102.09072,49.99834],[-102.04984,49.9877],[-102.01121,49.97739],[-101.97483,49.96741],[-101.94071,49.95774],[-101.90885,49.94839],[-101.87924,49.93937],[-101.85188,49.93067],[-101.82678,49.92229],[-101.80393,49.91423],[-101.77763,49.9057],[-101.74788,49.89668],[-101.71468,49.88719],[-101.67803,49.87722],[-101.63793,49.86677],[-101.59438,49.85584],[-101.54737,49.84443],[-101.49692,49.83255],[-101.45152,49.82156],[-101.41118,49.81149],[-101.3759,49.80232],[-101.34568,49.79405],[-101.32051,49.78669],[-101.3004,49.78023],[-101.28535,49.77468],[-101.27536,49.77003],[-101.26159,49.76565],[-101.24404,49.76155],[-101.22271,49.75771],[-101.1976,49.75415],[-101.16871,49.75086],[-101.13604,49.74784],[-101.0996,49.74509],[-101.05937,49.74262],[-101.02382,49.74029],[-100.99293,49.73813],[-100.96671,49.73612],[-100.94516,49.73426],[-100.92827,49.73256],[-100.91606,49.73101],[-100.90851,49.72962],[-100.90563,49.72838],[-100.8995,49.7272],[-100.89013,49.72606],[-100.8775,49.72497],[-100.86163,49.72394],[-100.84251,49.72295],[-100.82014,49.72202],[-100.79452,49.72114],[-100.76565,49.7203],[-100.73931,49.71929],[-100.71549,49.7181],[-100.69419,49.71673],[-100.67541,49.71518],[-100.65916,49.71346],[-100.64543,49.71155],[-100.63422,49.70947],[-100.62554,49.70721],[-100.61587,49.70506],[-100.60521,49.70304],[-100.59358,49.70113],[-100.58095,49.69934],[-100.56735,49.69767],[-100.55276,49.69611],[-100.53719,49.69468],[-100.52063,49.69336],[-100.49877,49.69113],[-100.47163,49.68799],[-100.43918,49.68394],[-100.40144,49.67898],[-100.3584,49.67312],[-100.31007,49.66634],[-100.25644,49.65865],[-100.19751,49.65005],[-100.13464,49.64124],[-100.06783,49.63222],[-99.99708,49.62299],[-99.92239,49.61355],[-99.84375,49.6039],[-99.76118,49.59403],[-99.67466,49.58396],[-99.5842,49.57368],[-99.50116,49.56363],[-99.42554,49.55381],[-99.35734,49.54422],[-99.29656,49.53486],[-99.2432,49.52574],[-99.19726,49.51685],[-99.15874,49.5082],[-99.12764,49.49977],[-99.09054,49.48912],[-99.04744,49.47625],[-98.99833,49.46115],[-98.94323,49.44382],[-98.88212,49.42427],[-98.81501,49.40249],[-98.74189,49.37849],[-98.66278,49.35227],[-98.58406,49.32653],[-98.50573,49.30127],[-98.42779,49.2765],[-98.35025,49.25221],[-98.2731,49.22841],[-98.19635,49.20509],[-98.11998,49.18225],[-98.04402,49.1599],[-97.97729,49.13999],[-97.91982,49.12253],[-97.8716,49.10751],[-97.83262,49.09493],[-97.8029,49.08479],[-97.78242,49.0771],[-97.77119,49.07185],[-97.76921,49.06905],[-97.76635,49.06649],[-97.76262,49.06419],[-97.75802,49.06214],[-97.75253,49.06034],[-97.74618,49.05879],[-97.73894,49.05749],[-97.73084,49.05645],[-97.72185,49.05565],[-97.71193,49.05447],[-97.70106,49.05289],[-97.68924,49.05092],[-97.67649,49.04855],[-97.66279,49.0458],[-97.64815,49.04265],[-97.63257,49.03911],[-97.61604,49.03518],[-97.59113,49.02425],[-97.55784,49.00631],[-97.51616,48.98137],[-97.4661,48.94942],[-97.40765,48.91048],[-97.34082,48.86452],[-97.26561,48.81157],[-97.18201,48.75161],[-97.1064,48.69714],[-97.03879,48.64816],[-96.97918,48.60467],[-96.92756,48.56667],[-96.88394,48.53415],[-96.84831,48.50713],[-96.82067,48.48559],[-96.80103,48.46955],[-96.78143,48.45393],[-96.76187,48.43874],[-96.74236,48.42397],[-96.72288,48.40963],[-96.70345,48.39572],[-96.68406,48.38223],[-96.66471,48.36917],[-96.6454,48.35654],[-96.62825,48.34491],[-96.61326,48.33428],[-96.60043,48.32465],[-96.58976,48.31602],[-96.58125,48.30838],[-96.57491,48.30175],[-96.57072,48.29612],[-96.56869,48.29149],[-96.5663,48.28743],[-96.56355,48.28396],[-96.56043,48.28106],[-96.55694,48.27874],[-96.55309,48.277],[-96.54888,48.27584],[-96.5443,48.27526],[-96.53936,48.27525],[-96.52766,48.2697],[-96.50919,48.25859],[-96.48397,48.24194],[-96.45198,48.21973],[-96.41323,48.19197],[-96.36772,48.15867],[-96.31545,48.11981],[-96.25642,48.07541],[-96.20382,48.03602],[-96.15766,48.00165],[-96.11794,47.9723],[-96.08465,47.94797],[-96.0578,47.92866],[-96.03739,47.91437],[-96.02341,47.9051],[-96.01588,47.90085],[-96.00525,47.89581],[-95.99153,47.88999],[-95.97473,47.88339],[-95.95484,47.87601],[-95.93187,47.86784],[-95.9058,47.85889],[-95.87665,47.84916],[-95.84441,47.83864],[-95.81583,47.82947],[-95.79092,47.82165],[-95.76966,47.81517],[-95.75206,47.81003],[-95.73813,47.80624],[-95.72785,47.80379],[-95.72124,47.80269],[-95.71829,47.80294],[-95.71546,47.80286],[-95.71275,47.80246],[-95.71017,47.80174],[-95.70771,47.8007],[-95.70538,47.79933],[-95.70316,47.79764],[-95.70108,47.79563],[-95.69911,47.7933],[-95.69341,47.78978],[-95.68398,47.78507],[-95.67082,47.77918],[-95.65392,47.77209],[-95.6333,47.76383],[-95.60894,47.75437],[-95.58085,47.74372],[-95.54903,47.73189],[-95.5208,47.72158],[-95.49617,47.71278],[-95.47513,47.70549],[-95.45769,47.69973],[-95.44385,47.69547],[-95.43359,47.69274],[-95.42694,47.69152],[-95.42387,47.69181],[-95.42142,47.69191],[-95.41958,47.69182],[-95.41835,47.69153],[-95.41773,47.69106],[-95.41772,47.69038],[-95.41832,47.68952],[-95.41954,47.68846],[-95.42136,47.68721],[-95.42269,47.68605],[-95.42354,47.68499],[-95.42391,47.68403],[-95.42378,47.68316],[-95.42317,47.68238],[-95.42208,47.6817],[-95.4205,47.68112],[-95.41843,47.68063],[-95.41629,47.67822],[-95.41409,47.67389],[-95.41181,47.66763],[-95.40947,47.65945],[-95.40706,47.64935],[-95.40458,47.63732],[-95.40204,47.62337],[-95.39942,47.60749],[-95.39599,47.59244],[-95.39174,47.57821],[-95.38667,47.5648],[-95.38078,47.55221],[-95.37408,47.54044],[-95.36656,47.5295],[-95.35822,47.51937],[-95.34907,47.51007],[-95.33973,47.5019],[-95.33022,47.49486],[-95.32054,47.48895],[-95.31067,47.48417],[-95.30063,47.48053],[-95.29042,47.47802],[-95.28002,47.47664],[-95.26945,47.4764],[-95.26006,47.47434],[-95.25185,47.47046],[-95.24481,47.46477],[-95.23895,47.45727],[-95.23427,47.44795],[-95.23077,47.43681],[-95.22844,47.42386],[-95.22729,47.4091],[-95.22562,47.39501],[-95.22342,47.38159],[-95.22069,47.36885],[-95.21745,47.35677],[-95.21367,47.34537],[-95.20937,47.33464],[-95.20455,47.32458],[-95.1992,47.3152],[-95.19383,47.30629],[-95.18846,47.29785],[-95.18306,47.28988],[-95.17765,47.28239],[-95.17223,47.27537],[-95.16679,47.26882],[-95.16134,47.26275],[-95.15588,47.25715],[-95.15127,47.24554],[-95.14752,47.22793],[-95.14464,47.20432],[-95.14261,47.17471],[-95.14145,47.13909],[-95.14114,47.09747],[-95.14169,47.04985],[-95.14311,46.99622],[-95.14196,46.94948],[-95.13826,46.9096],[-95.13199,46.87661],[-95.12317,46.85049],[-95.11179,46.83124],[-95.09785,46.81888],[-95.08135,46.81339],[-95.06229,46.81477],[-95.0447,46.81589],[-95.02858,46.81675],[-95.01392,46.81734],[-95.00073,46.81766],[-94.98901,46.81772],[-94.97875,46.81751],[-94.96996,46.81704],[-94.96264,46.8163],[-94.95588,46.8154],[-94.9497,46.81434],[-94.94408,46.81311],[-94.93904,46.81172],[-94.93457,46.81017],[-94.93066,46.80846],[-94.92732,46.80658],[-94.92456,46.80454],[-94.92166,46.80271],[-94.91864,46.8011],[-94.91548,46.79969],[-94.91219,46.7985],[-94.90877,46.79752],[-94.90522,46.79675],[-94.90154,46.7962],[-94.89773,46.79586],[-94.8906,46.79552],[-94.88013,46.7952],[-94.86635,46.79488],[-94.84923,46.79457],[-94.82879,46.79427],[-94.80502,46.79398],[-94.77792,46.7937],[-94.7475,46.79343],[-94.72039,46.793],[-94.69659,46.79242],[-94.67609,46.79168],[-94.65891,46.79078],[-94.64504,46.78973],[-94.63447,46.78853],[-94.62721,46.78717],[-94.62327,46.78565],[-94.61689,46.78438],[-94.60809,46.78334],[-94.59686,46.78253],[-94.5832,46.78197],[-94.56712,46.78164],[-94.54861,46.78155],[-94.52767,46.7817],[-94.5043,46.78209],[-94.48204,46.78227],[-94.46089,46.78224],[-94.44085,46.782],[-94.42191,46.78155],[-94.40409,46.7809],[-94.38737,46.78003],[-94.37176,46.77896],[-94.35726,46.77768],[-94.34339,46.77747],[-94.33017,46.77831],[-94.31757,46.78022],[-94.30562,46.7832],[-94.2943,46.78723],[-94.28362,46.79233],[-94.27358,46.7985],[-94.26417,46.80572],[-94.25495,46.81204],[-94.24591,46.81744],[-94.23707,46.82194],[-94.2284,46.82553],[-94.21993,46.8282],[-94.21164,46.82997],[-94.20354,46.83082],[-94.19562,46.83077],[-94.18839,46.83094],[-94.18185,46.83134],[-94.17599,46.83196],[-94.17081,46.83281],[-94.16632,46.83389],[-94.16251,46.83519],[-94.15939,46.83672],[-94.15696,46.83847],[-94.15386,46.84006],[-94.15011,46.84148],[-94.14571,46.84274],[-94.14065,46.84382],[-94.13493,46.84474],[-94.12856,46.84549],[-94.12153,46.84608],[-94.11385,46.8465],[-94.10511,46.84682],[-94.09532,46.84705],[-94.08447,46.84719],[-94.07256,46.84723],[-94.0596,46.84718],[-94.04559,46.84704],[-94.03052,46.8468],[-94.01439,46.84647],[-93.99983,46.84649],[-93.98684,46.84685],[-93.97541,46.84757],[-93.96556,46.84864],[-93.95726,46.85005],[-93.95054,46.85181],[-93.94538,46.85393],[-93.94179,46.85639],[-93.93767,46.85855],[-93.93301,46.8604],[-93.92782,46.86194],[-93.92209,46.86318],[-93.91582,46.86412],[-93.90902,46.86475],[-93.90169,46.86507],[-93.89382,46.86509],[-93.88631,46.86541],[-93.87915,46.86604],[-93.87234,46.86698],[-93.86589,46.86822],[-93.85979,46.86977],[-93.85405,46.87162],[-93.84865,46.87379],[-93.84362,46.87625],[-93.8368,46.87811],[-93.82819,46.87935],[-93.8178,46.87998],[-93.80562,46.87999],[-93.79167,46.87939],[-93.77592,46.87818],[-93.7584,46.87635],[-93.73908,46.87391],[-93.71879,46.87167],[-93.69753,46.86963],[-93.67528,46.86779],[-93.65205,46.86614],[-93.62785,46.8647],[-93.60267,46.86346],[-93.57651,46.86241],[-93.54937,46.86156],[-93.52483,46.86105],[-93.50288,46.86087],[-93.48353,46.86103],[-93.46679,46.86151],[-93.45263,46.86233],[-93.44108,46.86349],[-93.43212,46.86497],[-93.42576,46.86679],[-93.41799,46.86838],[-93.4088,46.86973],[-93.3982,46.87084],[-93.38618,46.87172],[-93.37275,46.87236],[-93.3579,46.87277],[-93.34163,46.87294],[-93.32395,46.87288],[-93.30782,46.87303],[-93.29323,46.87338],[-93.28019,46.87395],[-93.2687,46.87473],[-93.25875,46.87571],[-93.25035,46.87691],[-93.24349,46.87832],[-93.23818,46.87993],[-93.22924,46.88139],[-93.21667,46.88268],[-93.20047,46.88381],[-93.18065,46.88478],[-93.1572,46.88559],[-93.13012,46.88623],[-93.09941,46.88672],[-93.06508,46.88704],[-93.0339,46.88721],[-93.00589,46.88724],[-92.98103,46.88712],[-92.95934,46.88685],[-92.94081,46.88643],[-92.92543,46.88587],[-92.91322,46.88516],[-92.90417,46.88431],[-92.89098,46.8801],[-92.87364,46.87256],[-92.85215,46.86167],[-92.82652,46.84743],[-92.79674,46.82986],[-92.76281,46.80893],[-92.72474,46.78466],[-92.68253,46.75705],[-92.64266,46.73192],[-92.60513,46.70927],[-92.56995,46.6891],[-92.53711,46.6714],[-92.50661,46.65619],[-92.47846,46.64346],[-92.45265,46.63321],[-92.42919,46.62544],[-92.40755,46.6186],[-92.38775,46.61269],[-92.36977,46.6077],[-92.35362,46.60365],[-92.3393,46.60052],[-92.32681,46.59832],[-92.31615,46.59706],[-92.30732,46.59672],[-92.29859,46.59666],[-92.28997,46.59688],[-92.28145,46.59739],[-92.27304,46.59818],[-92.26474,46.59925],[-92.25654,46.60061],[-92.24845,46.60224],[-92.24046,46.60416],[-92.23173,46.60654],[-92.22224,46.60938],[-92.21201,46.61269],[-92.20103,46.61646],[-92.1893,46.6207],[-92.17682,46.6254],[-92.16359,46.63056],[-92.14962,46.63619],[-92.13677,46.64161],[-92.12506,46.64683],[-92.11448,46.65185],[-92.10504,46.65666],[-92.09672,46.66128],[-92.08954,46.66568],[-92.08349,46.66989],[-92.07858,46.67389],[-92.07428,46.67739],[-92.07059,46.68039],[-92.06752,46.68289],[-92.06506,46.68489],[-92.06322,46.68639],[-92.06199,46.68739],[-92.06137,46.68789]],[[-92.84773,46.86193],[-92.84658,46.86164]]]}},{"type":"Feature","properties":{"Name":"Line 14/64"},"geometry":{"type":"MultiLineString","coordinates":[[[-92.06138,46.68754],[-92.06133,46.68704],[-92.06122,46.68606],[-92.06106,46.68458],[-92.06085,46.68261],[-92.06059,46.68014],[-92.06027,46.67718],[-92.05989,46.67373],[-92.05947,46.66978],[-92.05768,46.66471],[-92.05452,46.6585],[-92.05,46.65115],[-92.04411,46.64268],[-92.03685,46.63307],[-92.02823,46.62233],[-92.01824,46.61045],[-92.00689,46.59744],[-91.99553,46.58392],[-91.98417,46.56988],[-91.97281,46.55532],[-91.96145,46.54024],[-91.95009,46.52464],[-91.93872,46.50853],[-91.92735,46.4919],[-91.91598,46.47475],[-91.90487,46.45731],[-91.89402,46.43958],[-91.88342,46.42156],[-91.87309,46.40326],[-91.86302,46.38466],[-91.8532,46.36577],[-91.84364,46.3466],[-91.83435,46.32713],[-91.82522,46.30854],[-91.81625,46.29081],[-91.80746,46.27396],[-91.79883,46.25798],[-91.79038,46.24286],[-91.78209,46.22862],[-91.77396,46.21525],[-91.76601,46.20275],[-91.75659,46.18865],[-91.74571,46.17295],[-91.73337,46.15566],[-91.71957,46.13677],[-91.7043,46.11628],[-91.68757,46.09419],[-91.66938,46.07051],[-91.64973,46.04523],[-91.63089,46.02159],[-91.61286,45.99958],[-91.59564,45.97921],[-91.57924,45.96047],[-91.56365,45.94337],[-91.54888,45.9279],[-91.53491,45.91407],[-91.52176,45.90187],[-91.51018,45.89084],[-91.50016,45.88096],[-91.49171,45.87225],[-91.48482,45.86469],[-91.4795,45.8583],[-91.47574,45.85307],[-91.47355,45.849],[-91.47292,45.84609],[-91.47192,45.84313],[-91.47054,45.84013],[-91.46878,45.83708],[-91.46665,45.83399],[-91.46414,45.83085],[-91.46125,45.82766],[-91.45799,45.82442],[-91.45435,45.82114],[-91.45114,45.8176],[-91.44836,45.81379],[-91.446,45.80972],[-91.44408,45.80539],[-91.44258,45.80079],[-91.44152,45.79592],[-91.44088,45.7908],[-91.44067,45.78541],[-91.43988,45.78069],[-91.4385,45.77665],[-91.43653,45.77328],[-91.43398,45.77058],[-91.43085,45.76856],[-91.42713,45.76722],[-91.42282,45.76654],[-91.41793,45.76654],[-91.41082,45.76362],[-91.40148,45.75777],[-91.38993,45.749],[-91.37615,45.73731],[-91.36016,45.72269],[-91.34194,45.70515],[-91.3215,45.68469],[-91.29884,45.6613],[-91.2777,45.63869],[-91.25809,45.61687],[-91.24001,45.59582],[-91.22345,45.57556],[-91.20842,45.55608],[-91.19492,45.53737],[-91.18294,45.51945],[-91.17248,45.50231],[-91.1622,45.4865],[-91.15209,45.47203],[-91.14215,45.45888],[-91.13239,45.44707],[-91.12279,45.43659],[-91.11337,45.42744],[-91.10412,45.41963],[-91.09505,45.41314],[-91.08433,45.40492],[-91.07197,45.39495],[-91.05796,45.38325],[-91.04232,45.36981],[-91.02503,45.35462],[-91.00611,45.3377],[-90.98554,45.31904],[-90.96332,45.29863],[-90.94199,45.27875],[-90.92154,45.25938],[-90.90196,45.24053],[-90.88326,45.2222],[-90.86544,45.20438],[-90.84849,45.18709],[-90.83243,45.17031],[-90.81724,45.15405],[-90.80192,45.13838],[-90.78646,45.12331],[-90.77086,45.10884],[-90.75512,45.09496],[-90.73925,45.08168],[-90.72324,45.06899],[-90.7071,45.0569],[-90.69082,45.0454],[-90.6757,45.03431],[-90.66175,45.02363],[-90.64897,45.01337],[-90.63735,45.00351],[-90.6269,44.99406],[-90.61762,44.98502],[-90.6095,44.97639],[-90.60255,44.96817],[-90.59514,44.96017],[-90.58728,44.9524],[-90.57897,44.94484],[-90.5702,44.93751],[-90.56098,44.9304],[-90.5513,44.92351],[-90.54117,44.91684],[-90.53058,44.91039],[-90.51873,44.90265],[-90.50561,44.8936],[-90.49121,44.88325],[-90.47555,44.87161],[-90.45862,44.85866],[-90.44042,44.84441],[-90.42095,44.82886],[-90.40021,44.81201],[-90.37878,44.79401],[-90.35667,44.77485],[-90.33387,44.75454],[-90.31039,44.73307],[-90.28622,44.71046],[-90.26136,44.68668],[-90.23582,44.66176],[-90.20959,44.63568],[-90.18379,44.6106],[-90.15841,44.58651],[-90.13346,44.56342],[-90.10894,44.54132],[-90.08485,44.52022],[-90.06118,44.50011],[-90.03794,44.481],[-90.01513,44.46288],[-89.99494,44.44671],[-89.97738,44.43249],[-89.96244,44.42022],[-89.95013,44.4099],[-89.94044,44.40152],[-89.93338,44.39509],[-89.92894,44.39061],[-89.92713,44.38808],[-89.92556,44.3847],[-89.92423,44.38047],[-89.92314,44.37539],[-89.9223,44.36946],[-89.9217,44.36269],[-89.92134,44.35506],[-89.92122,44.34659],[-89.92135,44.33727],[-89.92085,44.32885],[-89.91972,44.32134],[-89.91798,44.31473],[-89.91561,44.30903],[-89.91262,44.30423],[-89.909,44.30034],[-89.90476,44.29735],[-89.8999,44.29527],[-89.89495,44.2928],[-89.88992,44.28994],[-89.88481,44.28669],[-89.87962,44.28306],[-89.87434,44.27904],[-89.86898,44.27464],[-89.86354,44.26985],[-89.85801,44.26467],[-89.85264,44.25852],[-89.84743,44.2514],[-89.84237,44.2433],[-89.83746,44.23424],[-89.83271,44.22421],[-89.82812,44.2132],[-89.82368,44.20122],[-89.81939,44.18828],[-89.81487,44.17547],[-89.8101,44.16279],[-89.8051,44.15025],[-89.79986,44.13784],[-89.79439,44.12556],[-89.78867,44.11343],[-89.78272,44.10142],[-89.77653,44.08955],[-89.76796,44.0751],[-89.75702,44.05807],[-89.74369,44.03845],[-89.72799,44.01626],[-89.7099,43.99148],[-89.68944,43.96412],[-89.6666,43.93417],[-89.64138,43.90165],[-89.61877,43.87198],[-89.59878,43.84516],[-89.58139,43.8212],[-89.56662,43.8001],[-89.55446,43.78184],[-89.5449,43.76645],[-89.53796,43.7539],[-89.53363,43.74422],[-89.52788,43.73397],[-89.52069,43.72317],[-89.51208,43.7118],[-89.50204,43.69988],[-89.49057,43.6874],[-89.47768,43.67436],[-89.46336,43.66076],[-89.44761,43.64661],[-89.43284,43.63358],[-89.41905,43.62167],[-89.40624,43.61089],[-89.39441,43.60124],[-89.38356,43.59271],[-89.37368,43.5853],[-89.36479,43.57903],[-89.35687,43.57387],[-89.34975,43.56889],[-89.34342,43.56408],[-89.33787,43.55943],[-89.33312,43.55496],[-89.32915,43.55066],[-89.32597,43.54652],[-89.32359,43.54256],[-89.32199,43.53876],[-89.31915,43.53426],[-89.31506,43.52905],[-89.30972,43.52314],[-89.30313,43.51652],[-89.2953,43.50919],[-89.28621,43.50116],[-89.27588,43.49243],[-89.2643,43.48299],[-89.25296,43.47328],[-89.24186,43.46331],[-89.23099,43.45308],[-89.22036,43.44259],[-89.20997,43.43183],[-89.19982,43.42082],[-89.1899,43.40954],[-89.18022,43.39799],[-89.16967,43.38454],[-89.15824,43.36917],[-89.14593,43.35189],[-89.13275,43.3327],[-89.11869,43.3116],[-89.10376,43.28858],[-89.08795,43.26366],[-89.07126,43.23682],[-89.05651,43.21275],[-89.04369,43.19145],[-89.0328,43.17291],[-89.02385,43.15713],[-89.01684,43.14412],[-89.01175,43.13388],[-89.0086,43.1264],[-89.00739,43.12169],[-89.00562,43.11695],[-89.00329,43.11217],[-89.0004,43.10737],[-88.99695,43.10253],[-88.99295,43.09766],[-88.98839,43.09276],[-88.98327,43.08783],[-88.97759,43.08287],[-88.97246,43.07756],[-88.96787,43.07191],[-88.96382,43.06591],[-88.96031,43.05957],[-88.95735,43.05288],[-88.95494,43.04585],[-88.95306,43.03848],[-88.95173,43.03076],[-88.94955,43.02262],[-88.94651,43.01407],[-88.94263,43.0051],[-88.93789,42.99571],[-88.9323,42.98591],[-88.92586,42.97569],[-88.91857,42.96505],[-88.91042,42.954],[-88.90267,42.9438],[-88.89531,42.93447],[-88.88835,42.92599],[-88.88177,42.91838],[-88.8756,42.91162],[-88.86981,42.90572],[-88.86442,42.90069],[-88.85942,42.89651],[-88.85376,42.8904],[-88.84744,42.88237],[-88.84046,42.8724],[-88.83283,42.8605],[-88.82453,42.84667],[-88.81557,42.83091],[-88.80595,42.81322],[-88.79567,42.7936],[-88.78567,42.77514],[-88.77594,42.75785],[-88.7665,42.74171],[-88.75733,42.72674],[-88.74845,42.71292],[-88.73984,42.70027],[-88.73151,42.68879],[-88.72346,42.67846],[-88.71556,42.6679],[-88.70782,42.6571],[-88.70023,42.64607],[-88.69279,42.63481],[-88.68551,42.62331],[-88.67838,42.61158],[-88.67141,42.59962],[-88.66459,42.58742],[-88.65618,42.57497],[-88.64617,42.56227],[-88.63457,42.54932],[-88.62138,42.53612],[-88.6066,42.52266],[-88.59022,42.50896],[-88.57225,42.495],[-88.55269,42.48079],[-88.53572,42.4675],[-88.52132,42.45513],[-88.50951,42.44368],[-88.50028,42.43315],[-88.49363,42.42353],[-88.48957,42.41484],[-88.48809,42.40707],[-88.48919,42.40021],[-88.4906,42.39401],[-88.4923,42.38845],[-88.4943,42.38356],[-88.49661,42.37931],[-88.49922,42.37572],[-88.50212,42.37278],[-88.50533,42.37049],[-88.50884,42.36886],[-88.51153,42.36691],[-88.5134,42.36463],[-88.51446,42.36204],[-88.51469,42.35912],[-88.51411,42.35588],[-88.51271,42.35232],[-88.51049,42.34844],[-88.50746,42.34424],[-88.50525,42.34025],[-88.50387,42.33648],[-88.50332,42.33291],[-88.5036,42.32956],[-88.5047,42.32642],[-88.50663,42.32349],[-88.5094,42.32077],[-88.51298,42.31826],[-88.51612,42.31578],[-88.5188,42.31332],[-88.52103,42.31089],[-88.52281,42.30848],[-88.52414,42.30609],[-88.52501,42.30372],[-88.52543,42.30138],[-88.5254,42.29906],[-88.52488,42.29692],[-88.52386,42.29496],[-88.52236,42.29317],[-88.52037,42.29157],[-88.51789,42.29014],[-88.51491,42.28889],[-88.51145,42.28782],[-88.5075,42.28693],[-88.504,42.2844],[-88.50097,42.28023],[-88.49839,42.27443],[-88.49627,42.26699],[-88.49461,42.25792],[-88.49341,42.24721],[-88.49267,42.23487],[-88.49239,42.22088],[-88.49184,42.2085],[-88.49102,42.19772],[-88.48993,42.18853],[-88.48858,42.18095],[-88.48696,42.17496],[-88.48507,42.17057],[-88.48291,42.16778],[-88.48048,42.16659],[-88.47836,42.16508],[-88.47653,42.16325],[-88.475,42.1611],[-88.47377,42.15863],[-88.47284,42.15585],[-88.47221,42.15275],[-88.47188,42.14933],[-88.47185,42.14559],[-88.47205,42.14224],[-88.47248,42.13929],[-88.47314,42.13674],[-88.47403,42.13458],[-88.47515,42.13282],[-88.4765,42.13145],[-88.47808,42.13048],[-88.47989,42.1299],[-88.48167,42.12817],[-88.4834,42.12529],[-88.4851,42.12126],[-88.48675,42.11607],[-88.48837,42.10973],[-88.48995,42.10223],[-88.49148,42.09359],[-88.49298,42.08379],[-88.49455,42.07485],[-88.49617,42.06676],[-88.49786,42.05953],[-88.49961,42.05316],[-88.50142,42.04764],[-88.50329,42.04298],[-88.50523,42.03918],[-88.50723,42.03623],[-88.50879,42.03295],[-88.50991,42.02935],[-88.51059,42.02541],[-88.51084,42.02114],[-88.51064,42.01654],[-88.51001,42.01161],[-88.50894,42.00634],[-88.50744,42.00075],[-88.50653,41.99509],[-88.50622,41.98936],[-88.50651,41.98356],[-88.5074,41.9777],[-88.50889,41.97177],[-88.51098,41.96577],[-88.51367,41.9597],[-88.51695,41.95356],[-88.5199,41.94531],[-88.5225,41.93495],[-88.52476,41.92246],[-88.52668,41.90787],[-88.52825,41.89115],[-88.52948,41.87232],[-88.53037,41.85138],[-88.53092,41.82832],[-88.53192,41.80768],[-88.5334,41.78946],[-88.53533,41.77365],[-88.53773,41.76027],[-88.54059,41.7493],[-88.54391,41.74076],[-88.5477,41.73463],[-88.55195,41.73092],[-88.55571,41.72621],[-88.55898,41.7205],[-88.56176,41.71378],[-88.56405,41.70607],[-88.56585,41.69736],[-88.56716,41.68765],[-88.56798,41.67693],[-88.56831,41.66522],[-88.56752,41.65458],[-88.5656,41.64502],[-88.56256,41.63654],[-88.5584,41.62913],[-88.55311,41.6228],[-88.54669,41.61755],[-88.53916,41.61337],[-88.5305,41.61027],[-88.52292,41.60739],[-88.51642,41.60472],[-88.511,41.60228],[-88.50666,41.60004],[-88.50341,41.59803],[-88.50123,41.59624],[-88.50013,41.59466],[-88.50012,41.5933],[-88.49528,41.59035],[-88.48562,41.58583],[-88.47114,41.57972],[-88.45184,41.57204],[-88.42773,41.56277],[-88.39879,41.55192],[-88.36502,41.53949],[-88.32644,41.52547],[-88.29176,41.51352],[-88.26098,41.50363],[-88.2341,41.49579],[-88.21112,41.49002],[-88.19204,41.4863],[-88.17686,41.48464],[-88.16557,41.48505],[-88.15819,41.48751],[-88.14358,41.48948],[-88.12173,41.49097],[-88.09264,41.49196],[-88.05632,41.49247],[-88.01277,41.49248],[-87.96198,41.49201],[-87.90395,41.49104],[-87.83869,41.48959],[-87.78152,41.48854],[-87.73245,41.48789],[-87.69146,41.48764],[-87.65857,41.48779],[-87.63377,41.48834],[-87.61706,41.48929],[-87.60845,41.49065],[-87.60792,41.49241],[-87.60596,41.49394],[-87.60255,41.49523],[-87.59771,41.4963],[-87.59142,41.49714],[-87.5837,41.49776],[-87.57453,41.49814],[-87.56393,41.49829],[-87.55188,41.49822],[-87.54041,41.49833],[-87.52952,41.49863],[-87.51919,41.49911],[-87.50944,41.49978],[-87.50026,41.50064],[-87.49165,41.50169],[-87.48362,41.50292],[-87.47616,41.50433],[-87.46963,41.50557],[-87.46403,41.50664],[-87.45937,41.50752],[-87.45564,41.50823],[-87.45284,41.50876],[-87.45097,41.50912],[-87.45004,41.50929]],[[-88.87793,42.92489],[-88.87594,42.9113]]]}},{"type":"Feature","properties":{"Name":"Line 4"},"geometry":{"type":"MultiLineString","coordinates":[[[-94.67184,47.37674],[-94.67077,47.37692],[-94.66865,47.3773],[-94.66547,47.37786],[-94.66123,47.37861],[-94.65592,47.37954],[-94.64955,47.38067],[-94.64213,47.38198],[-94.63364,47.38347],[-94.62528,47.38458],[-94.61704,47.3853],[-94.60893,47.38563],[-94.60094,47.38557],[-94.59307,47.38512],[-94.58533,47.38428],[-94.57772,47.38305],[-94.57023,47.38144],[-94.56651,47.38005],[-94.56655,47.37888],[-94.57035,47.37793],[-94.57792,47.37721],[-94.58926,47.37672],[-94.60436,47.37645],[-94.62322,47.3764],[-94.64585,47.37658],[-94.66647,47.37693],[-94.68508,47.37745],[-94.70168,47.37814],[-94.71626,47.37901],[-94.72884,47.38005],[-94.7394,47.38127],[-94.74795,47.38265],[-94.75449,47.38421],[-94.76361,47.38737],[-94.7753,47.39212],[-94.78957,47.39846],[-94.80641,47.40639],[-94.82582,47.41592],[-94.84781,47.42705],[-94.87238,47.43976],[-94.89952,47.45408],[-94.9235,47.4669],[-94.9443,47.47822],[-94.96195,47.48806],[-94.97642,47.4964],[-94.98773,47.50324],[-94.99588,47.5086],[-95.00085,47.51246],[-95.00266,47.51483],[-95.00639,47.51821],[-95.01202,47.52259],[-95.01957,47.52799],[-95.02903,47.53439],[-95.0404,47.5418],[-95.05368,47.55023],[-95.06888,47.55966],[-95.08598,47.57009],[-95.10494,47.58053],[-95.12575,47.59095],[-95.14841,47.60137],[-95.17292,47.61178],[-95.19928,47.62219],[-95.2275,47.63259],[-95.25756,47.64298],[-95.28948,47.65336],[-95.31798,47.66246],[-95.34306,47.67028],[-95.36472,47.6768],[-95.38297,47.68204],[-95.3978,47.686],[-95.40921,47.68867],[-95.4172,47.69005],[-95.42178,47.69014],[-95.4301,47.69187],[-95.44215,47.69524],[-95.45795,47.70023],[-95.47748,47.70687],[-95.50076,47.71513],[-95.52778,47.72503],[-95.55853,47.73656],[-95.59303,47.74973],[-95.62752,47.76266],[-95.66201,47.77535],[-95.6965,47.78781],[-95.73098,47.80002],[-95.76546,47.812],[-95.79994,47.82374],[-95.83442,47.83524],[-95.86889,47.84651],[-95.89999,47.8569],[-95.92773,47.86641],[-95.95209,47.87504],[-95.97309,47.8828],[-95.99072,47.88969],[-96.00498,47.8957],[-96.01587,47.90083],[-96.02339,47.90508],[-96.03639,47.91368],[-96.05485,47.92662],[-96.07879,47.9439],[-96.1082,47.96552],[-96.14308,47.99149],[-96.18344,48.02179],[-96.22927,48.05644],[-96.28056,48.09543],[-96.33046,48.13295],[-96.37895,48.16899],[-96.42604,48.20355],[-96.47172,48.23664],[-96.516,48.26826],[-96.55887,48.2984],[-96.60034,48.32706],[-96.64041,48.35425],[-96.67785,48.37999],[-96.71268,48.40429],[-96.74489,48.42713],[-96.77447,48.44853],[-96.80144,48.46848],[-96.82579,48.48699],[-96.84752,48.50404],[-96.86663,48.51965],[-96.89311,48.54029],[-96.92696,48.56597],[-96.96819,48.59668],[-97.01678,48.63243],[-97.07275,48.67322],[-97.1361,48.71904],[-97.20681,48.7699],[-97.2849,48.82579],[-97.35529,48.87519],[-97.41799,48.9181],[-97.47299,48.9545],[-97.52029,48.98442],[-97.55991,49.00783],[-97.59182,49.02476],[-97.61604,49.03518],[-97.63257,49.03911],[-97.64815,49.04265],[-97.66279,49.0458],[-97.67649,49.04855],[-97.68924,49.05092],[-97.70106,49.05289],[-97.71193,49.05447],[-97.72185,49.05565],[-97.73084,49.05645],[-97.73894,49.05749],[-97.74618,49.05879],[-97.75253,49.06034],[-97.75802,49.06214],[-97.76262,49.06419],[-97.76635,49.06649],[-97.76921,49.06905],[-97.77119,49.07185],[-97.78242,49.0771],[-97.8029,49.08479],[-97.83262,49.09493],[-97.8716,49.10751],[-97.91982,49.12253],[-97.97729,49.13999],[-98.04402,49.1599],[-98.11998,49.18225],[-98.19635,49.20509],[-98.2731,49.22841],[-98.35025,49.25221],[-98.42779,49.2765],[-98.50573,49.30127],[-98.58406,49.32653],[-98.66278,49.35227],[-98.74189,49.37849],[-98.81501,49.40249],[-98.88212,49.42427],[-98.94323,49.44382],[-98.99833,49.46115],[-99.04744,49.47625],[-99.09054,49.48912],[-99.12764,49.49977],[-99.15874,49.5082],[-99.19726,49.51685],[-99.2432,49.52574],[-99.29656,49.53486],[-99.35734,49.54422],[-99.42554,49.55381],[-99.50116,49.56363],[-99.5842,49.57368],[-99.67466,49.58396],[-99.76118,49.59403],[-99.84375,49.6039],[-99.92239,49.61355],[-99.99708,49.62299],[-100.06783,49.63222],[-100.13464,49.64124],[-100.19751,49.65005],[-100.25644,49.65865],[-100.31007,49.66634],[-100.3584,49.67312],[-100.40144,49.67898],[-100.43918,49.68394],[-100.47163,49.68799],[-100.49877,49.69113],[-100.52063,49.69336],[-100.53719,49.69468],[-100.55276,49.69611],[-100.56735,49.69767],[-100.58095,49.69934],[-100.59358,49.70113],[-100.60521,49.70304],[-100.61587,49.70506],[-100.62554,49.70721],[-100.63422,49.70947],[-100.64543,49.71155],[-100.65916,49.71346],[-100.67541,49.71518],[-100.69419,49.71673],[-100.71549,49.7181],[-100.73931,49.71929],[-100.76565,49.7203],[-100.79452,49.72114],[-100.82014,49.72202],[-100.84251,49.72295],[-100.86163,49.72394],[-100.8775,49.72497],[-100.89013,49.72606],[-100.8995,49.7272],[-100.90563,49.72838],[-100.90851,49.72962],[-100.91606,49.73101],[-100.92827,49.73256],[-100.94516,49.73426],[-100.96671,49.73612],[-100.99293,49.73813],[-101.02382,49.74029],[-101.05937,49.74262],[-101.0996,49.74509],[-101.13604,49.74784],[-101.16871,49.75086],[-101.1976,49.75415],[-101.22271,49.75771],[-101.24404,49.76155],[-101.26159,49.76565],[-101.27536,49.77003],[-101.28535,49.77468],[-101.3004,49.78023],[-101.32051,49.78669],[-101.34568,49.79405],[-101.3759,49.80232],[-101.41118,49.81149],[-101.45152,49.82156],[-101.49692,49.83255],[-101.54737,49.84443],[-101.59438,49.85584],[-101.63793,49.86677],[-101.67803,49.87722],[-101.71468,49.88719],[-101.74788,49.89668],[-101.77763,49.9057],[-101.80393,49.91423],[-101.82678,49.92229],[-101.85188,49.93067],[-101.87924,49.93937],[-101.90885,49.94839],[-101.94071,49.95774],[-101.97483,49.96741],[-102.01121,49.97739],[-102.04984,49.9877],[-102.09072,49.99834],[-102.1367,50.00938],[-102.18778,50.02083],[-102.24396,50.0327],[-102.30523,50.04498],[-102.3716,50.05766],[-102.44307,50.07076],[-102.51964,50.08427],[-102.60131,50.09819],[-102.67573,50.11068],[-102.74291,50.12173],[-102.80285,50.13136],[-102.85555,50.13955],[-102.90101,50.14631],[-102.93923,50.15163],[-102.9702,50.15553],[-102.99394,50.15799],[-103.01614,50.16045],[-103.0368,50.16292],[-103.05593,50.16539],[-103.07352,50.16786],[-103.08957,50.17034],[-103.10409,50.17281],[-103.11707,50.17529],[-103.12852,50.17778],[-103.14259,50.18032],[-103.15928,50.1829],[-103.1786,50.18555],[-103.20054,50.18824],[-103.2251,50.19099],[-103.25229,50.19379],[-103.2821,50.19664],[-103.31453,50.19954],[-103.34515,50.2026],[-103.37394,50.20583],[-103.40092,50.20921],[-103.42608,50.21275],[-103.44942,50.21646],[-103.47095,50.22032],[-103.49065,50.22434],[-103.50854,50.22852],[-103.52574,50.23229],[-103.54226,50.23565],[-103.5581,50.23859],[-103.57325,50.24113],[-103.58772,50.24325],[-103.6015,50.24496],[-103.6146,50.24626],[-103.62702,50.24714],[-103.64444,50.24988],[-103.66687,50.25446],[-103.69431,50.26089],[-103.72675,50.26918],[-103.7642,50.27931],[-103.80665,50.29129],[-103.85411,50.30512],[-103.90658,50.3208],[-103.96021,50.3362],[-104.015,50.35132],[-104.07095,50.36615],[-104.12807,50.3807],[-104.18634,50.39498],[-104.24578,50.40896],[-104.30638,50.42267],[-104.36814,50.43609],[-104.42233,50.448],[-104.46896,50.4584],[-104.50802,50.46729],[-104.53952,50.47466],[-104.56345,50.48052],[-104.57982,50.48487],[-104.58863,50.48771],[-104.58986,50.48903],[-104.59632,50.49019],[-104.60799,50.4912],[-104.62487,50.49204],[-104.64698,50.49271],[-104.67429,50.49323],[-104.70683,50.49359],[-104.74458,50.49378],[-104.78754,50.49381],[-104.82899,50.49548],[-104.86891,50.49878],[-104.90732,50.50371],[-104.94421,50.51027],[-104.97958,50.51847],[-105.01343,50.5283],[-105.04576,50.53977],[-105.07657,50.55286],[-105.10739,50.5657],[-105.13823,50.57828],[-105.16907,50.5906],[-105.19992,50.60265],[-105.23078,50.61445],[-105.26165,50.62599],[-105.29253,50.63727],[-105.32342,50.64828],[-105.3562,50.6608],[-105.39088,50.67483],[-105.42745,50.69036],[-105.46592,50.7074],[-105.50628,50.72594],[-105.54854,50.74598],[-105.59269,50.76753],[-105.63873,50.79059],[-105.6937,50.81693],[-105.75759,50.84655],[-105.83041,50.87946],[-105.91215,50.91565],[-106.00282,50.95513],[-106.10241,50.99789],[-106.21093,51.04394],[-106.32837,51.09327],[-106.43466,51.13774],[-106.52981,51.17736],[-106.61381,51.21213],[-106.68666,51.24205],[-106.74837,51.26711],[-106.79893,51.28732],[-106.83834,51.30268],[-106.8666,51.31318],[-106.89605,51.32336],[-106.92667,51.33323],[-106.95847,51.34278],[-106.99145,51.35202],[-107.02562,51.36094],[-107.06096,51.36955],[-107.09748,51.37784],[-107.13517,51.38581],[-107.17635,51.39489],[-107.22102,51.4051],[-107.26916,51.41641],[-107.32078,51.42884],[-107.37589,51.44238],[-107.43448,51.45704],[-107.49655,51.47282],[-107.5621,51.4897],[-107.63583,51.50835],[-107.71774,51.52875],[-107.80784,51.55092],[-107.90611,51.57484],[-108.01257,51.60052],[-108.12721,51.62797],[-108.25003,51.65717],[-108.38103,51.68813],[-108.50517,51.71878],[-108.62245,51.7491],[-108.73287,51.77912],[-108.83644,51.80882],[-108.93314,51.8382],[-109.02299,51.86726],[-109.10598,51.89601],[-109.18211,51.92445],[-109.26643,51.9552],[-109.35893,51.98828],[-109.45962,52.02367],[-109.56851,52.06138],[-109.68558,52.10141],[-109.81083,52.14376],[-109.94428,52.18843],[-110.08591,52.23542],[-110.21176,52.2773],[-110.32181,52.31407],[-110.41608,52.34573],[-110.49455,52.37229],[-110.55724,52.39374],[-110.60413,52.41008],[-110.63524,52.42131],[-110.65055,52.42744],[-110.66989,52.43463],[-110.69324,52.44288],[-110.72061,52.45219],[-110.752,52.46257],[-110.78741,52.47401],[-110.82683,52.48652],[-110.87028,52.50008],[-110.91774,52.51471],[-110.9787,52.53464],[-111.05314,52.55987],[-111.14108,52.59039],[-111.24251,52.62621],[-111.35743,52.66733],[-111.48584,52.71375],[-111.62774,52.76546],[-111.78313,52.82247],[-111.92374,52.87395],[-112.04958,52.91988],[-112.16064,52.96028],[-112.25691,52.99514],[-112.33842,53.02446],[-112.40514,53.04824],[-112.45708,53.06648],[-112.49425,53.07919],[-112.53026,53.0912],[-112.56513,53.10251],[-112.59884,53.11313],[-112.63141,53.12305],[-112.66282,53.13228],[-112.69308,53.14081],[-112.72219,53.14865],[-112.75015,53.15579],[-112.77822,53.16343],[-112.80639,53.17156],[-112.83467,53.18018],[-112.86305,53.1893],[-112.89154,53.19891],[-112.92013,53.20901],[-112.94883,53.2196],[-112.97763,53.23069],[-113.00717,53.24464],[-113.03745,53.26146],[-113.06848,53.28115],[-113.10024,53.3037],[-113.13274,53.32912],[-113.16598,53.3574],[-113.19996,53.38856],[-113.23468,53.42257],[-113.26506,53.45234],[-113.2911,53.47785],[-113.3128,53.49912],[-113.33016,53.51613],[-113.34318,53.52888],[-113.35186,53.53739],[-113.3562,53.54164]],[[-94.80346,47.40028],[-94.80283,47.40005],[-94.80156,47.39958],[-94.79966,47.39888],[-94.79713,47.39794],[-94.79396,47.39678],[-94.79016,47.39537],[-94.78572,47.39374],[-94.78065,47.39187],[-94.77673,47.39039],[-94.77396,47.3893],[-94.77235,47.3886],[-94.77188,47.3883],[-94.77256,47.38838],[-94.7744,47.38885],[-94.77739,47.38971],[-94.78152,47.39097],[-94.78514,47.39206],[-94.78825,47.393],[-94.79083,47.39378],[-94.7929,47.39441],[-94.79445,47.39488],[-94.79549,47.39519],[-94.796,47.39535]],[[-94.53467,47.37003],[-94.28366,47.35221]],[[-94.26705,47.35031],[-94.26154,47.34985],[-94.25052,47.34892],[-94.23399,47.34752],[-94.21195,47.34565],[-94.1844,47.34332],[-94.15133,47.34053],[-94.11276,47.33727],[-94.06867,47.33354],[-94.02966,47.33047],[-93.99571,47.32807],[-93.96683,47.32632],[-93.94301,47.32523],[-93.92427,47.32481],[-93.91059,47.32504],[-93.90197,47.32594],[-93.89843,47.32749],[-93.89416,47.32879],[-93.88916,47.32984],[-93.88343,47.33064],[-93.87698,47.33119],[-93.8698,47.33148],[-93.86189,47.33152],[-93.85326,47.33131],[-93.8439,47.33085],[-93.83657,47.33052],[-93.83126,47.33032],[-93.82799,47.33025],[-93.82674,47.33032],[-93.82752,47.33052],[-93.83034,47.33085],[-93.83518,47.33132],[-93.84205,47.33192],[-93.84806,47.33244],[-93.85321,47.33289],[-93.8575,47.33326],[-93.86094,47.33356],[-93.86352,47.33378],[-93.86523,47.33393],[-93.86609,47.33401]],[[-93.96769,47.32317],[-93.91412,47.32058]],[[-93.89734,47.32908],[-93.89732,47.32911]],[[-93.78477,47.32452],[-93.78427,47.32455],[-93.78328,47.32461],[-93.78179,47.3247],[-93.7798,47.32483],[-93.77732,47.32498],[-93.77434,47.32516],[-93.77087,47.32538],[-93.7669,47.32562],[-93.76091,47.32482],[-93.75292,47.32297],[-93.74292,47.32007],[-93.73091,47.31612],[-93.71688,47.31113],[-93.70085,47.30508],[-93.6828,47.29799],[-93.66274,47.28984],[-93.64782,47.28371],[-93.63802,47.27958],[-93.63335,47.27747],[-93.63382,47.27736],[-93.63941,47.27926],[-93.65013,47.28317],[-93.66598,47.28908],[-93.68697,47.29701],[-93.70533,47.30394],[-93.72106,47.30989],[-93.73418,47.31484],[-93.74467,47.3188],[-93.75254,47.32177],[-93.75778,47.32376],[-93.76041,47.32475]],[[-93.49202,47.25298],[-93.49265,47.25317],[-93.49392,47.25356],[-93.49583,47.25415],[-93.49838,47.25493],[-93.50156,47.2559],[-93.50537,47.25707],[-93.50982,47.25843],[-93.51491,47.25999],[-93.5203,47.26129],[-93.52598,47.26233],[-93.53196,47.26311],[-93.53824,47.26364],[-93.54482,47.2639],[-93.55169,47.26391],[-93.55887,47.26365],[-93.56634,47.26314],[-93.57166,47.26251],[-93.57482,47.26177],[-93.57583,47.26091],[-93.57468,47.25994],[-93.57138,47.25886],[-93.56593,47.25765],[-93.55832,47.25634],[-93.54855,47.2549],[-93.53959,47.25342],[-93.53142,47.25189],[-93.52405,47.25031],[-93.51747,47.24868],[-93.51169,47.247],[-93.50671,47.24527],[-93.50253,47.2435],[-93.49914,47.24167],[-93.49618,47.24007],[-93.49364,47.2387],[-93.49153,47.23755],[-93.48983,47.23664],[-93.48856,47.23596],[-93.48772,47.2355],[-93.48729,47.23527]],[[-93.58538,47.26556],[-93.58536,47.26556]],[[-93.47758,47.24635],[-93.47753,47.24612],[-93.47745,47.24566],[-93.47733,47.24497],[-93.47716,47.24404],[-93.47695,47.24289],[-93.4767,47.2415],[-93.47641,47.23988],[-93.47608,47.23804],[-93.47447,47.23558],[-93.47159,47.23253],[-93.46744,47.22887],[-93.46201,47.22461],[-93.45531,47.21975],[-93.44733,47.21428],[-93.43808,47.20821],[-93.42756,47.20154],[-93.41685,47.195],[-93.40595,47.1886],[-93.39487,47.18234],[-93.3836,47.17621],[-93.37215,47.17022],[-93.3605,47.16437],[-93.34868,47.15865],[-93.33666,47.15306],[-93.32615,47.14818],[-93.31714,47.14399],[-93.30963,47.1405],[-93.30362,47.13771],[-93.29912,47.13562],[-93.29612,47.13422],[-93.29461,47.13353]],[[-93.47185,47.22937],[-93.47183,47.22937]],[[-93.3727,47.17119],[-93.36867,47.16946]],[[-93.28219,47.12619],[-93.20088,47.08714]],[[-93.15497,47.06919],[-93.1543,47.06889],[-93.15296,47.06827],[-93.15096,47.06735],[-93.14828,47.06613],[-93.14494,47.06459],[-93.14093,47.06275],[-93.13625,47.06061],[-93.1309,47.05815],[-93.12689,47.05631],[-93.12422,47.05509],[-93.12288,47.05447],[-93.12288,47.05447],[-93.12421,47.05509],[-93.12689,47.05631],[-93.1309,47.05815],[-93.13624,47.06061],[-93.14092,47.06275],[-93.14493,47.06459],[-93.14827,47.06613],[-93.15094,47.06736],[-93.15295,47.06828],[-93.15429,47.06889],[-93.15495,47.0692]],[[-92.9498,46.95139],[-92.95236,46.95292],[-92.95748,46.95598],[-92.96516,46.96057],[-92.97541,46.96669],[-92.98821,46.97435],[-93.00357,46.98353],[-93.02149,46.99425],[-93.04198,47.00649],[-93.05726,47.01566],[-93.06734,47.02175],[-93.07221,47.02476],[-93.07189,47.02469],[-93.06636,47.02154],[-93.05563,47.01531],[-93.0397,47.00601],[-93.01857,46.99362],[-92.99983,46.98226],[-92.98347,46.97193],[-92.9695,46.96263],[-92.95792,46.95436],[-92.94872,46.94711],[-92.94192,46.94089],[-92.9375,46.9357],[-92.93547,46.93153],[-92.92714,46.92365],[-92.91251,46.91205],[-92.89159,46.89674],[-92.86437,46.87771],[-92.83085,46.85496],[-92.79103,46.82849],[-92.74491,46.79831],[-92.6925,46.76441],[-92.64605,46.73456],[-92.60557,46.70877],[-92.57106,46.68704],[-92.54251,46.66937],[-92.51993,46.65574],[-92.50332,46.64618],[-92.49268,46.64067],[-92.488,46.63922],[-92.48352,46.638],[-92.47925,46.63703],[-92.47518,46.63629],[-92.47131,46.63579],[-92.46764,46.63554],[-92.46417,46.63552],[-92.46091,46.63574],[-92.45785,46.6362],[-92.45452,46.63622],[-92.45092,46.6358],[-92.44707,46.63494],[-92.44294,46.63364],[-92.43855,46.6319],[-92.4339,46.62973],[-92.42898,46.62711],[-92.4238,46.62405],[-92.41835,46.62114],[-92.41263,46.61838],[-92.40664,46.61576],[-92.40038,46.61329],[-92.39386,46.61096],[-92.38707,46.60878],[-92.38002,46.60674],[-92.37269,46.60485],[-92.36534,46.60318],[-92.35795,46.60171],[-92.35054,46.60046],[-92.34309,46.59942],[-92.33562,46.59859],[-92.32811,46.59798],[-92.32058,46.59758],[-92.31301,46.59739],[-92.30448,46.59777],[-92.29499,46.59873],[-92.28452,46.60026],[-92.2731,46.60237],[-92.2607,46.60505],[-92.24735,46.60831],[-92.23302,46.61214],[-92.21773,46.61655],[-92.20511,46.62007],[-92.19515,46.62272],[-92.18786,46.62448],[-92.18323,46.62536],[-92.18127,46.62537],[-92.18197,46.62449],[-92.18534,46.62273],[-92.19138,46.6201],[-92.19803,46.61757],[-92.20531,46.61515],[-92.21319,46.61284],[-92.2217,46.61063],[-92.23082,46.60854],[-92.24056,46.60656],[-92.25092,46.60468],[-92.2619,46.60291],[-92.2715,46.60136],[-92.27973,46.60004],[-92.28659,46.59893],[-92.29208,46.59805],[-92.29619,46.59738],[-92.29893,46.59694],[-92.30031,46.59672]],[[-92.9381,46.9383],[-92.93748,46.93782]],[[-92.43256,46.62602],[-92.41688,46.61965]],[[-92.40387,46.61293],[-92.3993,46.61145]],[[-92.16422,46.63197],[-92.16322,46.63234],[-92.16124,46.63309],[-92.15826,46.63421],[-92.15429,46.6357],[-92.14933,46.63757],[-92.14337,46.63981],[-92.13643,46.64243],[-92.12849,46.64542],[-92.12093,46.64854],[-92.11374,46.65178],[-92.10694,46.65515],[-92.10051,46.65864],[-92.09446,46.66226],[-92.08879,46.66601],[-92.08349,46.66989],[-92.07858,46.67389],[-92.07428,46.67739],[-92.07059,46.68039],[-92.06752,46.68289],[-92.06506,46.68489],[-92.06322,46.68639],[-92.06199,46.68739],[-92.06137,46.68789]]]}},{"type":"Feature","properties":{"Name":"Line 61"},"geometry":{"type":"MultiLineString","coordinates":[[[-92.06138,46.68754],[-92.06133,46.68704],[-92.06122,46.68606],[-92.06106,46.68458],[-92.06085,46.68261],[-92.06059,46.68014],[-92.06027,46.67718],[-92.05989,46.67373],[-92.05947,46.66978],[-92.05768,46.66471],[-92.05452,46.6585],[-92.05,46.65115],[-92.04411,46.64268],[-92.03685,46.63307],[-92.02823,46.62233],[-92.01824,46.61045],[-92.00689,46.59744],[-91.99553,46.58392],[-91.98417,46.56988],[-91.97281,46.55532],[-91.96145,46.54024],[-91.95009,46.52464],[-91.93872,46.50853],[-91.92735,46.4919],[-91.91598,46.47475],[-91.90487,46.45731],[-91.89402,46.43958],[-91.88342,46.42156],[-91.87309,46.40326],[-91.86302,46.38466],[-91.8532,46.36577],[-91.84364,46.3466],[-91.83435,46.32713],[-91.82522,46.30854],[-91.81625,46.29081],[-91.80746,46.27396],[-91.79883,46.25798],[-91.79038,46.24286],[-91.78209,46.22862],[-91.77396,46.21525],[-91.76601,46.20275],[-91.75659,46.18865],[-91.74571,46.17295],[-91.73337,46.15566],[-91.71957,46.13677],[-91.7043,46.11628],[-91.68757,46.09419],[-91.66938,46.07051],[-91.64973,46.04523],[-91.63089,46.02159],[-91.61286,45.99958],[-91.59564,45.97921],[-91.57924,45.96047],[-91.56365,45.94337],[-91.54888,45.9279],[-91.53491,45.91407],[-91.52176,45.90187],[-91.51018,45.89084],[-91.50016,45.88096],[-91.49171,45.87225],[-91.48482,45.86469],[-91.4795,45.8583],[-91.47574,45.85307],[-91.47355,45.849],[-91.47292,45.84609],[-91.47192,45.84313],[-91.47054,45.84013],[-91.46878,45.83708],[-91.46665,45.83399],[-91.46414,45.83085],[-91.46125,45.82766],[-91.45799,45.82442],[-91.45435,45.82114],[-91.45114,45.8176],[-91.44836,45.81379],[-91.446,45.80972],[-91.44408,45.80539],[-91.44258,45.80079],[-91.44152,45.79592],[-91.44088,45.7908],[-91.44067,45.78541],[-91.43988,45.78069],[-91.4385,45.77665],[-91.43653,45.77328],[-91.43398,45.77058],[-91.43085,45.76856],[-91.42713,45.76722],[-91.42282,45.76654],[-91.41793,45.76654],[-91.41082,45.76362],[-91.40148,45.75777],[-91.38993,45.749],[-91.37615,45.73731],[-91.36016,45.72269],[-91.34194,45.70515],[-91.3215,45.68469],[-91.29884,45.6613],[-91.2777,45.63869],[-91.25809,45.61687],[-91.24001,45.59582],[-91.22345,45.57556],[-91.20842,45.55608],[-91.19492,45.53737],[-91.18294,45.51945],[-91.17248,45.50231],[-91.1622,45.4865],[-91.15209,45.47203],[-91.14215,45.45888],[-91.13239,45.44707],[-91.12279,45.43659],[-91.11337,45.42744],[-91.10412,45.41963],[-91.09505,45.41314],[-91.08433,45.40492],[-91.07197,45.39495],[-91.05796,45.38325],[-91.04232,45.36981],[-91.02503,45.35462],[-91.00611,45.3377],[-90.98554,45.31904],[-90.96332,45.29863],[-90.94199,45.27875],[-90.92154,45.25938],[-90.90196,45.24053],[-90.88326,45.2222],[-90.86544,45.20438],[-90.84849,45.18709],[-90.83243,45.17031],[-90.81724,45.15405],[-90.80192,45.13838],[-90.78646,45.12331],[-90.77086,45.10884],[-90.75512,45.09496],[-90.73925,45.08168],[-90.72324,45.06899],[-90.7071,45.0569],[-90.69082,45.0454],[-90.6757,45.03431],[-90.66175,45.02363],[-90.64897,45.01337],[-90.63735,45.00351],[-90.6269,44.99406],[-90.61762,44.98502],[-90.6095,44.97639],[-90.60255,44.96817],[-90.59514,44.96017],[-90.58728,44.9524],[-90.57897,44.94484],[-90.5702,44.93751],[-90.56098,44.9304],[-90.5513,44.92351],[-90.54117,44.91684],[-90.53058,44.91039],[-90.51873,44.90265],[-90.50561,44.8936],[-90.49121,44.88325],[-90.47555,44.87161],[-90.45862,44.85866],[-90.44042,44.84441],[-90.42095,44.82886],[-90.40021,44.81201],[-90.37878,44.79401],[-90.35667,44.77485],[-90.33387,44.75454],[-90.31039,44.73307],[-90.28622,44.71046],[-90.26136,44.68668],[-90.23582,44.66176],[-90.20959,44.63568],[-90.18379,44.6106],[-90.15841,44.58651],[-90.13346,44.56342],[-90.10894,44.54132],[-90.08485,44.52022],[-90.06118,44.50011],[-90.03794,44.481],[-90.01513,44.46288],[-89.99494,44.44671],[-89.97738,44.43249],[-89.96244,44.42022],[-89.95013,44.4099],[-89.94044,44.40152],[-89.93338,44.39509],[-89.92894,44.39061],[-89.92713,44.38808],[-89.92556,44.3847],[-89.92423,44.38047],[-89.92314,44.37539],[-89.9223,44.36946],[-89.9217,44.36269],[-89.92134,44.35506],[-89.92122,44.34659],[-89.92135,44.33727],[-89.92085,44.32885],[-89.91972,44.32134],[-89.91798,44.31473],[-89.91561,44.30903],[-89.91262,44.30423],[-89.909,44.30034],[-89.90476,44.29735],[-89.8999,44.29527],[-89.89495,44.2928],[-89.88992,44.28994],[-89.88481,44.28669],[-89.87962,44.28306],[-89.87434,44.27904],[-89.86898,44.27464],[-89.86354,44.26985],[-89.85801,44.26467],[-89.85264,44.25852],[-89.84743,44.2514],[-89.84237,44.2433],[-89.83746,44.23424],[-89.83271,44.22421],[-89.82812,44.2132],[-89.82368,44.20122],[-89.81939,44.18828],[-89.81487,44.17547],[-89.8101,44.16279],[-89.8051,44.15025],[-89.79986,44.13784],[-89.79439,44.12556],[-89.78867,44.11343],[-89.78272,44.10142],[-89.77653,44.08955],[-89.76796,44.0751],[-89.75702,44.05807],[-89.74369,44.03845],[-89.72799,44.01626],[-89.7099,43.99148],[-89.68944,43.96412],[-89.6666,43.93417],[-89.64138,43.90165],[-89.61877,43.87198],[-89.59878,43.84516],[-89.58139,43.8212],[-89.56662,43.8001],[-89.55446,43.78184],[-89.5449,43.76645],[-89.53796,43.7539],[-89.53363,43.74422],[-89.52788,43.73397],[-89.52069,43.72317],[-89.51208,43.7118],[-89.50204,43.69988],[-89.49057,43.6874],[-89.47768,43.67436],[-89.46336,43.66076],[-89.44761,43.64661],[-89.43284,43.63358],[-89.41905,43.62167],[-89.40624,43.61089],[-89.39441,43.60124],[-89.38356,43.59271],[-89.37368,43.5853],[-89.36479,43.57903],[-89.35687,43.57387],[-89.34975,43.56889],[-89.34342,43.56408],[-89.33787,43.55943],[-89.33312,43.55496],[-89.32915,43.55066],[-89.32597,43.54652],[-89.32359,43.54256],[-89.32199,43.53876],[-89.31915,43.53426],[-89.31506,43.52905],[-89.30972,43.52314],[-89.30313,43.51652],[-89.2953,43.50919],[-89.28621,43.50116],[-89.27588,43.49243],[-89.2643,43.48299],[-89.25296,43.47328],[-89.24186,43.46331],[-89.23099,43.45308],[-89.22036,43.44259],[-89.20997,43.43183],[-89.19982,43.42082],[-89.1899,43.40954],[-89.18022,43.39799],[-89.16967,43.38454],[-89.15824,43.36917],[-89.14593,43.35189],[-89.13275,43.3327],[-89.11869,43.3116],[-89.10376,43.28858],[-89.08795,43.26366],[-89.07126,43.23682],[-89.05651,43.21275],[-89.04369,43.19145],[-89.0328,43.17291],[-89.02385,43.15713],[-89.01684,43.14412],[-89.01175,43.13388],[-89.0086,43.1264],[-89.00739,43.12169],[-89.00562,43.11695],[-89.00329,43.11217],[-89.0004,43.10737],[-88.99695,43.10253],[-88.99295,43.09766],[-88.98839,43.09276],[-88.98327,43.08783],[-88.97759,43.08287],[-88.97246,43.07756],[-88.96787,43.07191],[-88.96382,43.06591],[-88.96031,43.05957],[-88.95735,43.05288],[-88.95494,43.04585],[-88.95306,43.03848],[-88.95173,43.03076],[-88.94955,43.02262],[-88.94651,43.01407],[-88.94263,43.0051],[-88.93789,42.99571],[-88.9323,42.98591],[-88.92586,42.97569],[-88.91857,42.96505],[-88.91042,42.954],[-88.90267,42.9438],[-88.89531,42.93447],[-88.88835,42.92599],[-88.88177,42.91838],[-88.8756,42.91162],[-88.86981,42.90572],[-88.86442,42.90069],[-88.85942,42.89651],[-88.85437,42.89156],[-88.84928,42.88585],[-88.84414,42.87936],[-88.83894,42.8721],[-88.8337,42.86407],[-88.82842,42.85527],[-88.82308,42.8457],[-88.8177,42.83536],[-88.81314,42.82555],[-88.80941,42.81626],[-88.80651,42.80749],[-88.80444,42.79924],[-88.8032,42.79152],[-88.80279,42.78432],[-88.8032,42.77764],[-88.80444,42.77149],[-88.80525,42.76403],[-88.80562,42.75527],[-88.80556,42.7452],[-88.80507,42.73382],[-88.80414,42.72114],[-88.80277,42.70716],[-88.80098,42.69187],[-88.79874,42.67527],[-88.79717,42.6593],[-88.79627,42.64396],[-88.79602,42.62925],[-88.79645,42.61517],[-88.79753,42.60171],[-88.79928,42.58888],[-88.80169,42.57668],[-88.80476,42.56511],[-88.80731,42.55494],[-88.80934,42.54616],[-88.81083,42.53879],[-88.8118,42.53281],[-88.81225,42.52823],[-88.81216,42.52504],[-88.81156,42.52326],[-88.81042,42.52287],[-88.80945,42.52111],[-88.80865,42.51796],[-88.80801,42.51344],[-88.80753,42.50754],[-88.80722,42.50026],[-88.80708,42.4916],[-88.8071,42.48157],[-88.80728,42.47015],[-88.80707,42.45994],[-88.80645,42.45094],[-88.80544,42.44313],[-88.80403,42.43654],[-88.80222,42.43115],[-88.80001,42.42696],[-88.7974,42.42397],[-88.79439,42.4222],[-88.79169,42.41996],[-88.7893,42.41726],[-88.78722,42.4141],[-88.78544,42.41049],[-88.78397,42.40641],[-88.78281,42.40187],[-88.78195,42.39688],[-88.78141,42.39142],[-88.78115,42.3852],[-88.78117,42.37823],[-88.78148,42.37049],[-88.78208,42.362],[-88.78296,42.35274],[-88.78413,42.34272],[-88.78559,42.33194],[-88.78733,42.32041],[-88.78885,42.30583],[-88.79014,42.28822],[-88.7912,42.26757],[-88.79204,42.24389],[-88.79265,42.21717],[-88.79303,42.18741],[-88.79319,42.15462],[-88.79312,42.11879],[-88.79344,42.08705],[-88.79414,42.05938],[-88.79524,42.03581],[-88.79673,42.01631],[-88.7986,42.00091],[-88.80086,41.98958],[-88.80351,41.98234],[-88.80655,41.97919],[-88.80921,41.97603],[-88.81148,41.97288],[-88.81338,41.96973],[-88.81489,41.96658],[-88.81602,41.96344],[-88.81677,41.96029],[-88.81713,41.95715],[-88.81711,41.95401],[-88.81654,41.9475],[-88.81541,41.93762],[-88.81372,41.92438],[-88.81147,41.90776],[-88.80866,41.88777],[-88.80529,41.86442],[-88.80137,41.83769],[-88.79688,41.8076],[-88.7925,41.78051],[-88.78821,41.75642],[-88.78402,41.73533],[-88.77992,41.71725],[-88.77593,41.70217],[-88.77203,41.6901],[-88.76823,41.68102],[-88.76452,41.67495],[-88.76093,41.66755],[-88.75744,41.65882],[-88.75406,41.64875],[-88.7508,41.63736],[-88.74764,41.62463],[-88.74459,41.61057],[-88.74165,41.59517],[-88.73882,41.57845],[-88.73603,41.56348],[-88.73329,41.55026],[-88.7306,41.53879],[-88.72795,41.52907],[-88.72535,41.5211],[-88.7228,41.51488],[-88.72029,41.51042],[-88.71783,41.5077],[-88.71566,41.50474],[-88.71379,41.50153],[-88.71221,41.49808],[-88.71093,41.49437],[-88.70994,41.49042],[-88.70924,41.48621],[-88.70884,41.48176],[-88.70874,41.47706],[-88.70902,41.47273],[-88.7097,41.46876],[-88.71076,41.46514],[-88.71221,41.4619],[-88.71406,41.45901],[-88.71629,41.45649],[-88.71891,41.45433],[-88.72192,41.45253],[-88.72466,41.44962],[-88.72715,41.44559],[-88.72937,41.44044],[-88.73133,41.43418],[-88.73303,41.4268],[-88.73446,41.4183],[-88.73564,41.40869],[-88.73655,41.39796],[-88.7377,41.38834],[-88.73911,41.37983],[-88.74076,41.37244],[-88.74265,41.36615],[-88.74479,41.36098],[-88.74718,41.35692],[-88.74981,41.35397],[-88.75269,41.35213],[-88.7553,41.35011],[-88.75764,41.34792],[-88.75971,41.34555],[-88.76151,41.343],[-88.76304,41.34028],[-88.7643,41.33738],[-88.7653,41.3343],[-88.76602,41.33105],[-88.76641,41.32807],[-88.76647,41.32538],[-88.76619,41.32297],[-88.76557,41.32085],[-88.76463,41.31901],[-88.76334,41.31745],[-88.76173,41.31617],[-88.75978,41.31517],[-88.75782,41.31324],[-88.75587,41.31038],[-88.75392,41.30658],[-88.75196,41.30185],[-88.75,41.29618],[-88.74804,41.28957],[-88.74608,41.28204],[-88.74412,41.27356],[-88.74188,41.26599],[-88.73936,41.25931],[-88.73656,41.25353],[-88.73348,41.24866],[-88.73013,41.24467],[-88.7265,41.24159],[-88.72259,41.23941],[-88.7184,41.23812],[-88.71424,41.23392],[-88.71011,41.22679],[-88.70601,41.21674],[-88.70194,41.20377],[-88.6979,41.18787],[-88.69389,41.16906],[-88.68991,41.14733],[-88.68597,41.12267],[-88.68222,41.10085],[-88.67867,41.08187],[-88.67532,41.06572],[-88.67218,41.0524],[-88.66923,41.04193],[-88.66648,41.03428],[-88.66394,41.02948],[-88.66159,41.0275],[-88.65954,41.02499],[-88.65777,41.02193],[-88.6563,41.01833],[-88.65511,41.01418],[-88.65422,41.00949],[-88.65361,41.00426],[-88.6533,40.99849],[-88.65328,40.99217],[-88.65303,40.98658],[-88.65258,40.98173],[-88.65191,40.97761],[-88.65102,40.97421],[-88.64991,40.97156],[-88.64859,40.96963],[-88.64706,40.96843],[-88.64531,40.96797],[-88.64377,40.96719],[-88.64244,40.9661],[-88.64132,40.9647],[-88.64042,40.96298],[-88.63973,40.96095],[-88.63925,40.9586],[-88.63898,40.95594],[-88.63892,40.95297],[-88.63904,40.95036],[-88.63935,40.94813],[-88.63983,40.94626],[-88.64049,40.94476],[-88.64132,40.94363],[-88.64234,40.94286],[-88.64354,40.94247],[-88.64491,40.94244],[-88.64612,40.94242],[-88.64715,40.9424],[-88.64801,40.94238],[-88.6487,40.94236],[-88.64921,40.94235],[-88.64955,40.94235],[-88.64973,40.94234]],[[-88.87793,42.92489],[-88.87594,42.9113]]]}},{"type":"Feature","properties":{"Name":"Line 78"},"geometry":{"type":"MultiLineString","coordinates":[[[-88.64921,40.94237],[-88.64624,40.94345],[-88.6403,40.9456],[-88.63139,40.94884],[-88.6195,40.95316],[-88.60465,40.95855],[-88.58682,40.96502],[-88.56603,40.97257],[-88.54226,40.9812],[-88.51162,40.99378],[-88.47411,41.0103],[-88.42973,41.03077],[-88.37848,41.05519],[-88.32036,41.08355],[-88.25537,41.11586],[-88.18351,41.15211],[-88.10477,41.19231],[-88.03285,41.22884],[-87.96773,41.26168],[-87.90943,41.29085],[-87.85794,41.31633],[-87.81326,41.33814],[-87.77539,41.35627],[-87.74433,41.37072],[-87.72008,41.38149],[-87.69625,41.39174],[-87.67282,41.40148],[-87.64981,41.4107],[-87.62721,41.41941],[-87.60501,41.42759],[-87.58324,41.43527],[-87.56187,41.44242],[-87.54091,41.44906],[-87.52255,41.45542],[-87.50678,41.4615],[-87.49361,41.46731],[-87.48304,41.47283],[-87.47506,41.47808],[-87.46967,41.48304],[-87.46688,41.48773],[-87.46668,41.49214],[-87.46626,41.49614],[-87.46562,41.49975],[-87.46475,41.50294],[-87.46366,41.50574],[-87.46234,41.50813],[-87.4608,41.51012],[-87.45903,41.5117],[-87.45704,41.51288],[-87.45341,41.51364],[-87.44814,41.51398],[-87.44123,41.5139],[-87.43268,41.51339],[-87.42248,41.51247],[-87.41064,41.51113],[-87.39716,41.50936],[-87.38204,41.50718],[-87.36678,41.50546],[-87.35138,41.5042],[-87.33583,41.5034],[-87.32015,41.50306],[-87.30432,41.50319],[-87.28835,41.50378],[-87.27224,41.50483],[-87.25599,41.50634],[-87.23791,41.50891],[-87.218,41.51255],[-87.19626,41.51724],[-87.17269,41.523],[-87.14729,41.52982],[-87.12006,41.5377],[-87.091,41.54664],[-87.06011,41.55665],[-87.03278,41.56564],[-87.009,41.57362],[-86.98877,41.58059],[-86.97209,41.58654],[-86.95897,41.59149],[-86.94939,41.59542],[-86.94338,41.59834],[-86.94091,41.60025],[-86.93446,41.60304],[-86.92401,41.6067],[-86.90958,41.61124],[-86.89115,41.61665],[-86.86874,41.62294],[-86.84234,41.63011],[-86.81195,41.63815],[-86.77757,41.64707],[-86.74599,41.65567],[-86.7172,41.66395],[-86.6912,41.6719],[-86.668,41.67953],[-86.6476,41.68684],[-86.62999,41.69384],[-86.61517,41.7005],[-86.60315,41.70685],[-86.58658,41.71365],[-86.56545,41.72091],[-86.53976,41.72862],[-86.50952,41.73678],[-86.47472,41.7454],[-86.43537,41.75448],[-86.39146,41.764],[-86.343,41.77398],[-86.29953,41.78324],[-86.26105,41.79177],[-86.22757,41.79958],[-86.19908,41.80666],[-86.17558,41.81302],[-86.15707,41.81865],[-86.14355,41.82356],[-86.13503,41.82774],[-86.12518,41.83221],[-86.11401,41.83695],[-86.10153,41.84198],[-86.08772,41.84729],[-86.07258,41.85289],[-86.05613,41.85876],[-86.03836,41.86492],[-86.01926,41.87136],[-86.00129,41.87787],[-85.98443,41.88446],[-85.9687,41.89111],[-85.9541,41.89783],[-85.94061,41.90463],[-85.92825,41.9115],[-85.91701,41.91844],[-85.90689,41.92545],[-85.89241,41.9329],[-85.87358,41.9408],[-85.85039,41.94913],[-85.82285,41.95791],[-85.79095,41.96713],[-85.75469,41.9768],[-85.71408,41.9869],[-85.66911,41.99745],[-85.62663,42.00813],[-85.58664,42.01895],[-85.54915,42.02989],[-85.51414,42.04096],[-85.48162,42.05217],[-85.45159,42.06351],[-85.42406,42.07498],[-85.39901,42.08658],[-85.37299,42.09826],[-85.346,42.11003],[-85.31804,42.12187],[-85.28912,42.1338],[-85.25921,42.14581],[-85.22834,42.1579],[-85.1965,42.17007],[-85.16369,42.18233],[-85.1335,42.19334],[-85.10593,42.20312],[-85.08099,42.21167],[-85.05866,42.21898],[-85.03896,42.22505],[-85.02188,42.22988],[-85.00742,42.23348],[-84.99559,42.23585],[-84.98396,42.23853],[-84.97255,42.24153],[-84.96134,42.24485],[-84.95035,42.2485],[-84.93957,42.25246],[-84.92899,42.25674],[-84.91863,42.26134],[-84.90847,42.26627],[-84.89756,42.27101],[-84.88588,42.27559],[-84.87344,42.27998],[-84.86023,42.28421],[-84.84627,42.28826],[-84.83154,42.29213],[-84.81605,42.29583],[-84.79979,42.29935],[-84.78201,42.3038],[-84.76269,42.30919],[-84.74184,42.31551],[-84.71945,42.32276],[-84.69553,42.33094],[-84.67008,42.34005],[-84.6431,42.35009],[-84.61458,42.36106],[-84.58842,42.37098],[-84.56461,42.37983],[-84.54316,42.38761],[-84.52405,42.39434],[-84.5073,42.4],[-84.4929,42.40461],[-84.48086,42.40814],[-84.47117,42.41062],[-84.45884,42.41464],[-84.44386,42.42019],[-84.42624,42.42727],[-84.40597,42.4359],[-84.38306,42.44605],[-84.35751,42.45775],[-84.32932,42.47098],[-84.29848,42.48575],[-84.27027,42.49909],[-84.24469,42.51101],[-84.22174,42.52151],[-84.20141,42.53059],[-84.18372,42.53824],[-84.16866,42.54447],[-84.15623,42.54928],[-84.14643,42.55266],[-84.13596,42.55672],[-84.12483,42.56146],[-84.11304,42.56688],[-84.10058,42.57297],[-84.08747,42.57974],[-84.07369,42.58718],[-84.05924,42.5953],[-84.04413,42.6041],[-84.02965,42.61195],[-84.0158,42.61885],[-84.00258,42.62481],[-83.98998,42.62981],[-83.97801,42.63387],[-83.96666,42.63698],[-83.95595,42.63914],[-83.94586,42.64036],[-83.93609,42.64191],[-83.92664,42.64381],[-83.91751,42.64604],[-83.90869,42.64861],[-83.9002,42.65152],[-83.89203,42.65477],[-83.88418,42.65836],[-83.87664,42.66229],[-83.86823,42.66622],[-83.85892,42.67015],[-83.84873,42.6741],[-83.83766,42.67804],[-83.8257,42.682],[-83.81286,42.68595],[-83.79913,42.68991],[-83.78451,42.69388],[-83.7704,42.69812],[-83.75679,42.70263],[-83.74367,42.70741],[-83.73106,42.71247],[-83.71895,42.7178],[-83.70733,42.7234],[-83.69622,42.72927],[-83.68561,42.73542],[-83.67242,42.74158],[-83.65666,42.74776],[-83.63833,42.75396],[-83.61742,42.76017],[-83.59394,42.7664],[-83.56788,42.77265],[-83.53925,42.77891],[-83.50805,42.78519],[-83.48012,42.79106],[-83.45547,42.79652],[-83.43411,42.80157],[-83.41602,42.80621],[-83.40121,42.81044],[-83.38968,42.81426],[-83.38143,42.81767],[-83.37646,42.82067],[-83.37069,42.82373],[-83.36412,42.82687],[-83.35676,42.83008],[-83.3486,42.83335],[-83.33965,42.8367],[-83.32989,42.84011],[-83.31935,42.84359],[-83.308,42.84714],[-83.29714,42.85015],[-83.28677,42.85261],[-83.2769,42.85452],[-83.26751,42.85589],[-83.2586,42.85671],[-83.25019,42.85698],[-83.24227,42.85671],[-83.23484,42.8559],[-83.22509,42.85531],[-83.21304,42.85496],[-83.19868,42.85484],[-83.18201,42.85495],[-83.16303,42.85529],[-83.14174,42.85587],[-83.11814,42.85668],[-83.09223,42.85772],[-83.06876,42.85879],[-83.04772,42.85988],[-83.0291,42.86101],[-83.01292,42.86216],[-82.99918,42.86334],[-82.98786,42.86455],[-82.97898,42.86578],[-82.97253,42.86705],[-82.961,42.86822],[-82.94439,42.86931],[-82.9227,42.87032],[-82.89594,42.87123],[-82.86409,42.87206],[-82.82717,42.87281],[-82.78516,42.87346],[-82.73808,42.87403],[-82.69606,42.87488],[-82.6591,42.87601],[-82.62721,42.87742],[-82.60037,42.8791],[-82.5786,42.88107],[-82.56188,42.88331],[-82.55023,42.88584],[-82.54364,42.88864],[-82.53733,42.89099],[-82.5313,42.89288],[-82.52555,42.89432],[-82.52008,42.8953],[-82.51489,42.89583],[-82.50998,42.89591],[-82.50536,42.89553],[-82.50101,42.89469],[-82.49683,42.89427],[-82.4928,42.89426],[-82.48893,42.89466],[-82.48522,42.89547],[-82.48167,42.89669],[-82.47828,42.89832],[-82.47505,42.90036],[-82.47198,42.90281],[-82.46929,42.90496],[-82.46699,42.9068],[-82.46507,42.90833],[-82.46353,42.90955],[-82.46238,42.91047],[-82.46162,42.91109],[-82.46123,42.91139]]]}},{"type":"Feature","properties":{"Name":"Line 6"},"geometry":{"type":"MultiLineString","coordinates":[[[-92.06138,46.68754],[-92.06133,46.68704],[-92.06122,46.68606],[-92.06106,46.68458],[-92.06085,46.68261],[-92.06059,46.68014],[-92.06027,46.67718],[-92.05989,46.67373],[-92.05947,46.66978],[-92.05768,46.66471],[-92.05452,46.6585],[-92.05,46.65115],[-92.04411,46.64268],[-92.03685,46.63307],[-92.02823,46.62233],[-92.01824,46.61045],[-92.00689,46.59744],[-91.99553,46.58392],[-91.98417,46.56988],[-91.97281,46.55532],[-91.96145,46.54024],[-91.95009,46.52464],[-91.93872,46.50853],[-91.92735,46.4919],[-91.91598,46.47475],[-91.90487,46.45731],[-91.89402,46.43958],[-91.88342,46.42156],[-91.87309,46.40326],[-91.86302,46.38466],[-91.8532,46.36577],[-91.84364,46.3466],[-91.83435,46.32713],[-91.82522,46.30854],[-91.81625,46.29081],[-91.80746,46.27396],[-91.79883,46.25798],[-91.79038,46.24286],[-91.78209,46.22862],[-91.77396,46.21525],[-91.76601,46.20275],[-91.75659,46.18865],[-91.74571,46.17295],[-91.73337,46.15566],[-91.71957,46.13677],[-91.7043,46.11628],[-91.68757,46.09419],[-91.66938,46.07051],[-91.64973,46.04523],[-91.63089,46.02159],[-91.61286,45.99958],[-91.59564,45.97921],[-91.57924,45.96047],[-91.56365,45.94337],[-91.54888,45.9279],[-91.53491,45.91407],[-91.52176,45.90187],[-91.51018,45.89084],[-91.50016,45.88096],[-91.49171,45.87225],[-91.48482,45.86469],[-91.4795,45.8583],[-91.47574,45.85307],[-91.47355,45.849],[-91.47292,45.84609],[-91.47192,45.84313],[-91.47054,45.84013],[-91.46878,45.83708],[-91.46665,45.83399],[-91.46414,45.83085],[-91.46125,45.82766],[-91.45799,45.82442],[-91.45435,45.82114],[-91.45114,45.8176],[-91.44836,45.81379],[-91.446,45.80972],[-91.44408,45.80539],[-91.44258,45.80079],[-91.44152,45.79592],[-91.44088,45.7908],[-91.44067,45.78541],[-91.43988,45.78069],[-91.4385,45.77665],[-91.43653,45.77328],[-91.43398,45.77058],[-91.43085,45.76856],[-91.42713,45.76722],[-91.42282,45.76654],[-91.41793,45.76654],[-91.41082,45.76362],[-91.40148,45.75777],[-91.38993,45.749],[-91.37615,45.73731],[-91.36016,45.72269],[-91.34194,45.70515],[-91.3215,45.68469],[-91.29884,45.6613],[-91.2777,45.63869],[-91.25809,45.61687],[-91.24001,45.59582],[-91.22345,45.57556],[-91.20842,45.55608],[-91.19492,45.53737],[-91.18294,45.51945],[-91.17248,45.50231],[-91.1622,45.4865],[-91.15209,45.47203],[-91.14215,45.45888],[-91.13239,45.44707],[-91.12279,45.43659],[-91.11337,45.42744],[-91.10412,45.41963],[-91.09505,45.41314],[-91.08433,45.40492],[-91.07197,45.39495],[-91.05796,45.38325],[-91.04232,45.36981],[-91.02503,45.35462],[-91.00611,45.3377],[-90.98554,45.31904],[-90.96332,45.29863],[-90.94199,45.27875],[-90.92154,45.25938],[-90.90196,45.24053],[-90.88326,45.2222],[-90.86544,45.20438],[-90.84849,45.18709],[-90.83243,45.17031],[-90.81724,45.15405],[-90.80192,45.13838],[-90.78646,45.12331],[-90.77086,45.10884],[-90.75512,45.09496],[-90.73925,45.08168],[-90.72324,45.06899],[-90.7071,45.0569],[-90.69082,45.0454],[-90.6757,45.03431],[-90.66175,45.02363],[-90.64897,45.01337],[-90.63735,45.00351],[-90.6269,44.99406],[-90.61762,44.98502],[-90.6095,44.97639],[-90.60255,44.96817],[-90.59514,44.96017],[-90.58728,44.9524],[-90.57897,44.94484],[-90.5702,44.93751],[-90.56098,44.9304],[-90.5513,44.92351],[-90.54117,44.91684],[-90.53058,44.91039],[-90.51873,44.90265],[-90.50561,44.8936],[-90.49121,44.88325],[-90.47555,44.87161],[-90.45862,44.85866],[-90.44042,44.84441],[-90.42095,44.82886],[-90.40021,44.81201],[-90.37878,44.79401],[-90.35667,44.77485],[-90.33387,44.75454],[-90.31039,44.73307],[-90.28622,44.71046],[-90.26136,44.68668],[-90.23582,44.66176],[-90.20959,44.63568],[-90.18385,44.61067],[-90.1586,44.58673],[-90.13385,44.56385],[-90.10958,44.54205],[-90.08581,44.52131],[-90.06253,44.50164],[-90.03974,44.48304],[-90.01744,44.46551],[-89.99764,44.44978],[-89.98033,44.43585],[-89.96552,44.42373],[-89.95321,44.4134],[-89.94339,44.40488],[-89.93607,44.39816],[-89.93125,44.39324],[-89.92893,44.39013],[-89.92691,44.38623],[-89.92519,44.38156],[-89.92379,44.37612],[-89.92269,44.3699],[-89.92189,44.36291],[-89.9214,44.35514],[-89.92122,44.34659],[-89.92135,44.33727],[-89.92085,44.32885],[-89.91972,44.32134],[-89.91798,44.31473],[-89.91561,44.30903],[-89.91262,44.30423],[-89.909,44.30034],[-89.90476,44.29735],[-89.8999,44.29527],[-89.89495,44.2928],[-89.88992,44.28994],[-89.88481,44.28669],[-89.87962,44.28306],[-89.87434,44.27904],[-89.86898,44.27464],[-89.86354,44.26985],[-89.85801,44.26467],[-89.85247,44.25813],[-89.84692,44.25025],[-89.84135,44.24101],[-89.83576,44.23041],[-89.83016,44.21846],[-89.82454,44.20516],[-89.8189,44.19051],[-89.81325,44.1745],[-89.807,44.15829],[-89.80015,44.14189],[-89.79268,44.12529],[-89.78462,44.10849],[-89.77595,44.09149],[-89.76668,44.0743],[-89.7568,44.0569],[-89.74632,44.03931],[-89.73471,44.02095],[-89.72195,44.00183],[-89.70807,43.98193],[-89.69304,43.96126],[-89.67689,43.93983],[-89.65959,43.91762],[-89.64116,43.89465],[-89.6216,43.87091],[-89.60394,43.84892],[-89.58818,43.8287],[-89.57433,43.81022],[-89.56238,43.79351],[-89.55234,43.77855],[-89.5442,43.76535],[-89.53796,43.7539],[-89.53363,43.74422],[-89.52788,43.73397],[-89.52069,43.72317],[-89.51208,43.7118],[-89.50204,43.69988],[-89.49057,43.6874],[-89.47768,43.67436],[-89.46336,43.66076],[-89.44761,43.64661],[-89.43284,43.63358],[-89.41905,43.62167],[-89.40624,43.61089],[-89.39441,43.60124],[-89.38356,43.59271],[-89.37368,43.5853],[-89.36479,43.57903],[-89.35687,43.57387],[-89.34975,43.56889],[-89.34342,43.56408],[-89.33787,43.55943],[-89.33312,43.55496],[-89.32915,43.55066],[-89.32597,43.54652],[-89.32359,43.54256],[-89.32199,43.53876],[-89.31915,43.53426],[-89.31506,43.52905],[-89.30972,43.52314],[-89.30313,43.51652],[-89.2953,43.50919],[-89.28621,43.50116],[-89.27588,43.49243],[-89.2643,43.48299],[-89.25276,43.47302],[-89.24125,43.46253],[-89.22977,43.45152],[-89.21833,43.43999],[-89.20693,43.42794],[-89.19556,43.41536],[-89.18422,43.40226],[-89.17292,43.38864],[-89.16115,43.37362],[-89.1489,43.35722],[-89.13619,43.33942],[-89.12301,43.32023],[-89.10936,43.29965],[-89.09523,43.27767],[-89.08064,43.2543],[-89.06558,43.22955],[-89.05225,43.20729],[-89.04064,43.18755],[-89.03077,43.17031],[-89.02264,43.15557],[-89.01623,43.14334],[-89.01155,43.13362],[-89.0086,43.1264],[-89.00739,43.12169],[-89.00562,43.11695],[-89.00329,43.11217],[-89.0004,43.10737],[-88.99695,43.10253],[-88.99295,43.09766],[-88.98839,43.09276],[-88.98327,43.08783],[-88.97759,43.08287],[-88.97246,43.07756],[-88.96787,43.07191],[-88.96382,43.06591],[-88.96031,43.05957],[-88.95735,43.05288],[-88.95494,43.04585],[-88.95306,43.03848],[-88.95173,43.03076],[-88.94955,43.02262],[-88.94651,43.01407],[-88.94263,43.0051],[-88.93789,42.99571],[-88.9323,42.98591],[-88.92586,42.97569],[-88.91857,42.96505],[-88.91042,42.954],[-88.90267,42.9438],[-88.89531,42.93447],[-88.88835,42.92599],[-88.88177,42.91838],[-88.8756,42.91162],[-88.86981,42.90572],[-88.86442,42.90069],[-88.85942,42.89651],[-88.85376,42.8904],[-88.84744,42.88237],[-88.84046,42.8724],[-88.83283,42.8605],[-88.82453,42.84667],[-88.81557,42.83091],[-88.80595,42.81322],[-88.79567,42.7936],[-88.78567,42.77514],[-88.77594,42.75785],[-88.7665,42.74171],[-88.75733,42.72674],[-88.74845,42.71292],[-88.73984,42.70027],[-88.73151,42.68879],[-88.72346,42.67846],[-88.71556,42.6679],[-88.70782,42.6571],[-88.70023,42.64607],[-88.69279,42.63481],[-88.68551,42.62331],[-88.67838,42.61158],[-88.67141,42.59962],[-88.66459,42.58742],[-88.65687,42.57535],[-88.64825,42.5634],[-88.63873,42.55158],[-88.62831,42.53988],[-88.61699,42.52831],[-88.60478,42.51686],[-88.59166,42.50554],[-88.57765,42.49434],[-88.56358,42.48357],[-88.54945,42.47321],[-88.53527,42.46326],[-88.52104,42.45374],[-88.50675,42.44463],[-88.49241,42.43594],[-88.47801,42.42767],[-88.46356,42.41981],[-88.44996,42.41193],[-88.43722,42.40403],[-88.42534,42.3961],[-88.41431,42.38814],[-88.40414,42.38016],[-88.39482,42.37216],[-88.38637,42.36412],[-88.37876,42.35607],[-88.37133,42.34868],[-88.36407,42.34196],[-88.35699,42.33592],[-88.35008,42.33054],[-88.34334,42.32583],[-88.33677,42.32178],[-88.33038,42.31841],[-88.32416,42.31571],[-88.31854,42.31295],[-88.31354,42.31014],[-88.30914,42.30727],[-88.30534,42.30435],[-88.30216,42.30137],[-88.29958,42.29833],[-88.29761,42.29525],[-88.29624,42.2921],[-88.29422,42.28935],[-88.29154,42.287],[-88.2882,42.28504],[-88.2842,42.28348],[-88.27954,42.28231],[-88.27423,42.28154],[-88.26826,42.28116],[-88.26163,42.28118],[-88.25582,42.27602],[-88.25082,42.26569],[-88.24665,42.25017],[-88.24329,42.22948],[-88.24076,42.20361],[-88.23904,42.17257],[-88.23814,42.13634],[-88.23806,42.09494],[-88.23774,42.05848],[-88.2372,42.02695],[-88.23642,42.00037],[-88.23541,41.97872],[-88.23417,41.96201],[-88.23269,41.95023],[-88.23099,41.9434],[-88.22905,41.9415],[-88.22738,41.93875],[-88.22597,41.93517],[-88.22484,41.93074],[-88.22397,41.92546],[-88.22337,41.91934],[-88.22304,41.91238],[-88.22298,41.90457],[-88.22318,41.89592],[-88.22317,41.88823],[-88.22293,41.8815],[-88.22248,41.87574],[-88.22181,41.87095],[-88.22091,41.86711],[-88.2198,41.86424],[-88.21847,41.86234],[-88.21692,41.86139],[-88.21561,41.86002],[-88.21453,41.85822],[-88.2137,41.85598],[-88.21311,41.85331],[-88.21275,41.85021],[-88.21264,41.84668],[-88.21276,41.84272],[-88.21313,41.83832],[-88.21369,41.83422],[-88.21446,41.83041],[-88.21542,41.82688],[-88.21659,41.82365],[-88.21795,41.82071],[-88.21951,41.81806],[-88.22128,41.81569],[-88.22324,41.81362],[-88.22502,41.80961],[-88.22662,41.80366],[-88.22803,41.79578],[-88.22925,41.78595],[-88.2303,41.77419],[-88.23116,41.7605],[-88.23183,41.74486],[-88.23232,41.72729],[-88.23106,41.71194],[-88.22804,41.69883],[-88.22327,41.68794],[-88.21674,41.67928],[-88.20845,41.67286],[-88.19841,41.66866],[-88.18662,41.66669],[-88.17306,41.66696],[-88.16111,41.66661],[-88.15074,41.66567],[-88.14196,41.66413],[-88.13478,41.66198],[-88.12919,41.65923],[-88.12519,41.65588],[-88.12279,41.65192],[-88.12197,41.64737],[-88.11968,41.64342],[-88.11592,41.64008],[-88.11068,41.63736],[-88.10397,41.63524],[-88.09578,41.63373],[-88.08612,41.63284],[-88.07499,41.63255],[-88.06238,41.63287],[-88.04997,41.63297],[-88.03778,41.63283],[-88.02579,41.63247],[-88.014,41.63187],[-88.00243,41.63105],[-87.99106,41.62999],[-87.97989,41.62871],[-87.96894,41.6272],[-87.9576,41.62384],[-87.94588,41.61865],[-87.93379,41.61161],[-87.92132,41.60273],[-87.90847,41.592],[-87.89523,41.57944],[-87.88162,41.56504],[-87.86764,41.54879],[-87.85214,41.53446],[-87.83514,41.52204],[-87.81662,41.51154],[-87.79661,41.50295],[-87.77508,41.49628],[-87.75205,41.49152],[-87.7275,41.48868],[-87.70146,41.48775],[-87.6786,41.48716],[-87.65893,41.4869],[-87.64245,41.48698],[-87.62916,41.48739],[-87.61907,41.48814],[-87.61216,41.48923],[-87.60845,41.49065],[-87.60792,41.49241],[-87.60596,41.49394],[-87.60255,41.49523],[-87.59771,41.4963],[-87.59142,41.49714],[-87.5837,41.49776],[-87.57453,41.49814],[-87.56393,41.49829],[-87.55188,41.49822],[-87.54041,41.49833],[-87.52952,41.49863],[-87.51919,41.49911],[-87.50944,41.49978],[-87.50026,41.50064],[-87.49165,41.50169],[-87.48362,41.50292],[-87.47616,41.50433],[-87.46963,41.50557],[-87.46403,41.50664],[-87.45937,41.50752],[-87.45564,41.50823],[-87.45284,41.50876],[-87.45097,41.50912],[-87.45004,41.50929]],[[-88.87793,42.92489],[-88.87594,42.9113]]]}},{"type":"Feature","properties":{"Name":"Line 2"},"geometry":{"type":"MultiLineString","coordinates":[[[-94.67184,47.37674],[-94.67077,47.37692],[-94.66865,47.3773],[-94.66547,47.37786],[-94.66123,47.37861],[-94.65592,47.37954],[-94.64955,47.38067],[-94.64213,47.38198],[-94.63364,47.38347],[-94.62528,47.38458],[-94.61704,47.3853],[-94.60893,47.38563],[-94.60094,47.38557],[-94.59307,47.38512],[-94.58533,47.38428],[-94.57772,47.38305],[-94.57023,47.38144],[-94.56651,47.38005],[-94.56655,47.37888],[-94.57035,47.37793],[-94.57792,47.37721],[-94.58926,47.37672],[-94.60436,47.37645],[-94.62322,47.3764],[-94.64585,47.37658],[-94.66647,47.37693],[-94.68508,47.37745],[-94.70168,47.37814],[-94.71626,47.37901],[-94.72884,47.38005],[-94.7394,47.38127],[-94.74795,47.38265],[-94.75449,47.38421],[-94.76361,47.38737],[-94.7753,47.39212],[-94.78957,47.39846],[-94.80641,47.40639],[-94.82582,47.41592],[-94.84781,47.42705],[-94.87238,47.43976],[-94.89952,47.45408],[-94.9235,47.4669],[-94.9443,47.47822],[-94.96195,47.48806],[-94.97642,47.4964],[-94.98773,47.50324],[-94.99588,47.5086],[-95.00085,47.51246],[-95.00266,47.51483],[-95.00639,47.51821],[-95.01202,47.52259],[-95.01957,47.52799],[-95.02903,47.53439],[-95.0404,47.5418],[-95.05368,47.55023],[-95.06888,47.55966],[-95.08598,47.57009],[-95.10494,47.58053],[-95.12575,47.59095],[-95.14841,47.60137],[-95.17292,47.61178],[-95.19928,47.62219],[-95.2275,47.63259],[-95.25756,47.64298],[-95.28948,47.65336],[-95.31798,47.66246],[-95.34306,47.67028],[-95.36472,47.6768],[-95.38297,47.68204],[-95.3978,47.686],[-95.40921,47.68867],[-95.4172,47.69005],[-95.42178,47.69014],[-95.4301,47.69187],[-95.44215,47.69524],[-95.45795,47.70023],[-95.47748,47.70687],[-95.50076,47.71513],[-95.52778,47.72503],[-95.55853,47.73656],[-95.59303,47.74973],[-95.62752,47.76266],[-95.66201,47.77535],[-95.6965,47.78781],[-95.73098,47.80002],[-95.76546,47.812],[-95.79994,47.82374],[-95.83442,47.83524],[-95.86889,47.84651],[-95.89999,47.8569],[-95.92773,47.86641],[-95.95209,47.87504],[-95.97309,47.8828],[-95.99072,47.88969],[-96.00498,47.8957],[-96.01587,47.90083],[-96.02339,47.90508],[-96.03639,47.91368],[-96.05485,47.92662],[-96.07879,47.9439],[-96.1082,47.96552],[-96.14308,47.99149],[-96.18344,48.02179],[-96.22927,48.05644],[-96.28056,48.09543],[-96.33046,48.13295],[-96.37895,48.16899],[-96.42604,48.20355],[-96.47172,48.23664],[-96.516,48.26826],[-96.55887,48.2984],[-96.60034,48.32706],[-96.64041,48.35425],[-96.67785,48.37999],[-96.71268,48.40429],[-96.74489,48.42713],[-96.77447,48.44853],[-96.80144,48.46848],[-96.82579,48.48699],[-96.84752,48.50404],[-96.86663,48.51965],[-96.89311,48.54029],[-96.92696,48.56597],[-96.96819,48.59668],[-97.01678,48.63243],[-97.07275,48.67322],[-97.1361,48.71904],[-97.20681,48.7699],[-97.2849,48.82579],[-97.35529,48.87519],[-97.41799,48.9181],[-97.47299,48.9545],[-97.52029,48.98442],[-97.55991,49.00783],[-97.59182,49.02476],[-97.61604,49.03518],[-97.63257,49.03911],[-97.64815,49.04265],[-97.66279,49.0458],[-97.67649,49.04855],[-97.68924,49.05092],[-97.70106,49.05289],[-97.71193,49.05447],[-97.72185,49.05565],[-97.73084,49.05645],[-97.73894,49.05749],[-97.74618,49.05879],[-97.75253,49.06034],[-97.75802,49.06214],[-97.76262,49.06419],[-97.76635,49.06649],[-97.76921,49.06905],[-97.77119,49.07185],[-97.78242,49.0771],[-97.8029,49.08479],[-97.83262,49.09493],[-97.8716,49.10751],[-97.91982,49.12253],[-97.97729,49.13999],[-98.04402,49.1599],[-98.11998,49.18225],[-98.19635,49.20509],[-98.2731,49.22841],[-98.35025,49.25221],[-98.42779,49.2765],[-98.50573,49.30127],[-98.58406,49.32653],[-98.66278,49.35227],[-98.74189,49.37849],[-98.81501,49.40249],[-98.88212,49.42427],[-98.94323,49.44382],[-98.99833,49.46115],[-99.04744,49.47625],[-99.09054,49.48912],[-99.12764,49.49977],[-99.15874,49.5082],[-99.19726,49.51685],[-99.2432,49.52574],[-99.29656,49.53486],[-99.35734,49.54422],[-99.42554,49.55381],[-99.50116,49.56363],[-99.5842,49.57368],[-99.67466,49.58396],[-99.76118,49.59403],[-99.84375,49.6039],[-99.92239,49.61355],[-99.99708,49.62299],[-100.06783,49.63222],[-100.13464,49.64124],[-100.19751,49.65005],[-100.25644,49.65865],[-100.31007,49.66634],[-100.3584,49.67312],[-100.40144,49.67898],[-100.43918,49.68394],[-100.47163,49.68799],[-100.49877,49.69113],[-100.52063,49.69336],[-100.53719,49.69468],[-100.55276,49.69611],[-100.56735,49.69767],[-100.58095,49.69934],[-100.59358,49.70113],[-100.60521,49.70304],[-100.61587,49.70506],[-100.62554,49.70721],[-100.63422,49.70947],[-100.64543,49.71155],[-100.65916,49.71346],[-100.67541,49.71518],[-100.69419,49.71673],[-100.71549,49.7181],[-100.73931,49.71929],[-100.76565,49.7203],[-100.79452,49.72114],[-100.82014,49.72202],[-100.84251,49.72295],[-100.86163,49.72394],[-100.8775,49.72497],[-100.89013,49.72606],[-100.8995,49.7272],[-100.90563,49.72838],[-100.90851,49.72962],[-100.91606,49.73101],[-100.92827,49.73256],[-100.94516,49.73426],[-100.96671,49.73612],[-100.99293,49.73813],[-101.02382,49.74029],[-101.05937,49.74262],[-101.0996,49.74509],[-101.13604,49.74784],[-101.16871,49.75086],[-101.1976,49.75415],[-101.22271,49.75771],[-101.24404,49.76155],[-101.26159,49.76565],[-101.27536,49.77003],[-101.28535,49.77468],[-101.3004,49.78023],[-101.32051,49.78669],[-101.34568,49.79405],[-101.3759,49.80232],[-101.41118,49.81149],[-101.45152,49.82156],[-101.49692,49.83255],[-101.54737,49.84443],[-101.59438,49.85584],[-101.63793,49.86677],[-101.67803,49.87722],[-101.71468,49.88719],[-101.74788,49.89668],[-101.77763,49.9057],[-101.80393,49.91423],[-101.82678,49.92229],[-101.85188,49.93067],[-101.87924,49.93937],[-101.90885,49.94839],[-101.94071,49.95774],[-101.97483,49.96741],[-102.01121,49.97739],[-102.04984,49.9877],[-102.09072,49.99834],[-102.1367,50.00938],[-102.18778,50.02083],[-102.24396,50.0327],[-102.30523,50.04498],[-102.3716,50.05766],[-102.44307,50.07076],[-102.51964,50.08427],[-102.60131,50.09819],[-102.67573,50.11068],[-102.74291,50.12173],[-102.80285,50.13136],[-102.85555,50.13955],[-102.90101,50.14631],[-102.93923,50.15163],[-102.9702,50.15553],[-102.99394,50.15799],[-103.01614,50.16045],[-103.0368,50.16292],[-103.05593,50.16539],[-103.07352,50.16786],[-103.08957,50.17034],[-103.10409,50.17281],[-103.11707,50.17529],[-103.12852,50.17778],[-103.14259,50.18032],[-103.15928,50.1829],[-103.1786,50.18555],[-103.20054,50.18824],[-103.2251,50.19099],[-103.25229,50.19379],[-103.2821,50.19664],[-103.31453,50.19954],[-103.34515,50.2026],[-103.37394,50.20583],[-103.40092,50.20921],[-103.42608,50.21275],[-103.44942,50.21646],[-103.47095,50.22032],[-103.49065,50.22434],[-103.50854,50.22852],[-103.52574,50.23229],[-103.54226,50.23565],[-103.5581,50.23859],[-103.57325,50.24113],[-103.58772,50.24325],[-103.6015,50.24496],[-103.6146,50.24626],[-103.62702,50.24714],[-103.64444,50.24988],[-103.66687,50.25446],[-103.69431,50.26089],[-103.72675,50.26918],[-103.7642,50.27931],[-103.80665,50.29129],[-103.85411,50.30512],[-103.90658,50.3208],[-103.96021,50.3362],[-104.015,50.35132],[-104.07095,50.36615],[-104.12807,50.3807],[-104.18634,50.39498],[-104.24578,50.40896],[-104.30638,50.42267],[-104.36814,50.43609],[-104.42233,50.448],[-104.46896,50.4584],[-104.50802,50.46729],[-104.53952,50.47466],[-104.56345,50.48052],[-104.57982,50.48487],[-104.58863,50.48771],[-104.58986,50.48903],[-104.59632,50.49019],[-104.60799,50.4912],[-104.62487,50.49204],[-104.64698,50.49271],[-104.67429,50.49323],[-104.70683,50.49359],[-104.74458,50.49378],[-104.78754,50.49381],[-104.82899,50.49548],[-104.86891,50.49878],[-104.90732,50.50371],[-104.94421,50.51027],[-104.97958,50.51847],[-105.01343,50.5283],[-105.04576,50.53977],[-105.07657,50.55286],[-105.10739,50.5657],[-105.13823,50.57828],[-105.16907,50.5906],[-105.19992,50.60265],[-105.23078,50.61445],[-105.26165,50.62599],[-105.29253,50.63727],[-105.32342,50.64828],[-105.3562,50.6608],[-105.39088,50.67483],[-105.42745,50.69036],[-105.46592,50.7074],[-105.50628,50.72594],[-105.54854,50.74598],[-105.59269,50.76753],[-105.63873,50.79059],[-105.6937,50.81693],[-105.75759,50.84655],[-105.83041,50.87946],[-105.91215,50.91565],[-106.00282,50.95513],[-106.10241,50.99789],[-106.21093,51.04394],[-106.32837,51.09327],[-106.43466,51.13774],[-106.52981,51.17736],[-106.61381,51.21213],[-106.68666,51.24205],[-106.74837,51.26711],[-106.79893,51.28732],[-106.83834,51.30268],[-106.8666,51.31318],[-106.89605,51.32336],[-106.92667,51.33323],[-106.95847,51.34278],[-106.99145,51.35202],[-107.02562,51.36094],[-107.06096,51.36955],[-107.09748,51.37784],[-107.13517,51.38581],[-107.17635,51.39489],[-107.22102,51.4051],[-107.26916,51.41641],[-107.32078,51.42884],[-107.37589,51.44238],[-107.43448,51.45704],[-107.49655,51.47282],[-107.5621,51.4897],[-107.63583,51.50835],[-107.71774,51.52875],[-107.80784,51.55092],[-107.90611,51.57484],[-108.01257,51.60052],[-108.12721,51.62797],[-108.25003,51.65717],[-108.38103,51.68813],[-108.50517,51.71878],[-108.62245,51.7491],[-108.73287,51.77912],[-108.83644,51.80882],[-108.93314,51.8382],[-109.02299,51.86726],[-109.10598,51.89601],[-109.18211,51.92445],[-109.26643,51.9552],[-109.35893,51.98828],[-109.45962,52.02367],[-109.56851,52.06138],[-109.68558,52.10141],[-109.81083,52.14376],[-109.94428,52.18843],[-110.08591,52.23542],[-110.21176,52.2773],[-110.32181,52.31407],[-110.41608,52.34573],[-110.49455,52.37229],[-110.55724,52.39374],[-110.60413,52.41008],[-110.63524,52.42131],[-110.65055,52.42744],[-110.66989,52.43463],[-110.69324,52.44288],[-110.72061,52.45219],[-110.752,52.46257],[-110.78741,52.47401],[-110.82683,52.48652],[-110.87028,52.50008],[-110.91774,52.51471],[-110.9787,52.53464],[-111.05314,52.55987],[-111.14108,52.59039],[-111.24251,52.62621],[-111.35743,52.66733],[-111.48584,52.71375],[-111.62774,52.76546],[-111.78313,52.82247],[-111.92374,52.87395],[-112.04958,52.91988],[-112.16064,52.96028],[-112.25691,52.99514],[-112.33842,53.02446],[-112.40514,53.04824],[-112.45708,53.06648],[-112.49425,53.07919],[-112.53026,53.0912],[-112.56513,53.10251],[-112.59884,53.11313],[-112.63141,53.12305],[-112.66282,53.13228],[-112.69308,53.14081],[-112.72219,53.14865],[-112.75015,53.15579],[-112.77822,53.16343],[-112.80639,53.17156],[-112.83467,53.18018],[-112.86305,53.1893],[-112.89154,53.19891],[-112.92013,53.20901],[-112.94883,53.2196],[-112.97763,53.23069],[-113.00717,53.24464],[-113.03745,53.26146],[-113.06848,53.28115],[-113.10024,53.3037],[-113.13274,53.32912],[-113.16598,53.3574],[-113.19996,53.38856],[-113.23468,53.42257],[-113.26506,53.45234],[-113.2911,53.47785],[-113.3128,53.49912],[-113.33016,53.51613],[-113.34318,53.52888],[-113.35186,53.53739],[-113.3562,53.54164]],[[-94.80346,47.40028],[-94.80283,47.40005],[-94.80156,47.39958],[-94.79966,47.39888],[-94.79713,47.39794],[-94.79396,47.39678],[-94.79016,47.39537],[-94.78572,47.39374],[-94.78065,47.39187],[-94.77673,47.39039],[-94.77396,47.3893],[-94.77235,47.3886],[-94.77188,47.3883],[-94.77256,47.38838],[-94.7744,47.38885],[-94.77739,47.38971],[-94.78152,47.39097],[-94.78514,47.39206],[-94.78825,47.393],[-94.79083,47.39378],[-94.7929,47.39441],[-94.79445,47.39488],[-94.79549,47.39519],[-94.796,47.39535]],[[-94.53467,47.37003],[-94.28366,47.35221]],[[-94.26705,47.35031],[-94.26154,47.34985],[-94.25052,47.34892],[-94.23399,47.34752],[-94.21195,47.34565],[-94.1844,47.34332],[-94.15133,47.34053],[-94.11276,47.33727],[-94.06867,47.33354],[-94.02966,47.33047],[-93.99571,47.32807],[-93.96683,47.32632],[-93.94301,47.32523],[-93.92427,47.32481],[-93.91059,47.32504],[-93.90197,47.32594],[-93.89843,47.32749],[-93.89416,47.32879],[-93.88916,47.32984],[-93.88343,47.33064],[-93.87698,47.33119],[-93.8698,47.33148],[-93.86189,47.33152],[-93.85326,47.33131],[-93.8439,47.33085],[-93.83657,47.33052],[-93.83126,47.33032],[-93.82799,47.33025],[-93.82674,47.33032],[-93.82752,47.33052],[-93.83034,47.33085],[-93.83518,47.33132],[-93.84205,47.33192],[-93.84806,47.33244],[-93.85321,47.33289],[-93.8575,47.33326],[-93.86094,47.33356],[-93.86352,47.33378],[-93.86523,47.33393],[-93.86609,47.33401]],[[-93.96769,47.32317],[-93.91412,47.32058]],[[-93.89734,47.32908],[-93.89732,47.32911]],[[-93.78477,47.32452],[-93.78427,47.32455],[-93.78328,47.32461],[-93.78179,47.3247],[-93.7798,47.32483],[-93.77732,47.32498],[-93.77434,47.32516],[-93.77087,47.32538],[-93.7669,47.32562],[-93.76091,47.32482],[-93.75292,47.32297],[-93.74292,47.32007],[-93.73091,47.31612],[-93.71688,47.31113],[-93.70085,47.30508],[-93.6828,47.29799],[-93.66274,47.28984],[-93.64782,47.28371],[-93.63802,47.27958],[-93.63335,47.27747],[-93.63382,47.27736],[-93.63941,47.27926],[-93.65013,47.28317],[-93.66598,47.28908],[-93.68697,47.29701],[-93.70533,47.30394],[-93.72106,47.30989],[-93.73418,47.31484],[-93.74467,47.3188],[-93.75254,47.32177],[-93.75778,47.32376],[-93.76041,47.32475]],[[-93.49202,47.25298],[-93.49265,47.25317],[-93.49392,47.25356],[-93.49583,47.25415],[-93.49838,47.25493],[-93.50156,47.2559],[-93.50537,47.25707],[-93.50982,47.25843],[-93.51491,47.25999],[-93.5203,47.26129],[-93.52598,47.26233],[-93.53196,47.26311],[-93.53824,47.26364],[-93.54482,47.2639],[-93.55169,47.26391],[-93.55887,47.26365],[-93.56634,47.26314],[-93.57166,47.26251],[-93.57482,47.26177],[-93.57583,47.26091],[-93.57468,47.25994],[-93.57138,47.25886],[-93.56593,47.25765],[-93.55832,47.25634],[-93.54855,47.2549],[-93.53959,47.25342],[-93.53142,47.25189],[-93.52405,47.25031],[-93.51747,47.24868],[-93.51169,47.247],[-93.50671,47.24527],[-93.50253,47.2435],[-93.49914,47.24167],[-93.49618,47.24007],[-93.49364,47.2387],[-93.49153,47.23755],[-93.48983,47.23664],[-93.48856,47.23596],[-93.48772,47.2355],[-93.48729,47.23527]],[[-93.58538,47.26556],[-93.58536,47.26556]],[[-93.47758,47.24635],[-93.47753,47.24612],[-93.47745,47.24566],[-93.47733,47.24497],[-93.47716,47.24404],[-93.47695,47.24289],[-93.4767,47.2415],[-93.47641,47.23988],[-93.47608,47.23804],[-93.47447,47.23558],[-93.47159,47.23253],[-93.46744,47.22887],[-93.46201,47.22461],[-93.45531,47.21975],[-93.44733,47.21428],[-93.43808,47.20821],[-93.42756,47.20154],[-93.41685,47.195],[-93.40595,47.1886],[-93.39487,47.18234],[-93.3836,47.17621],[-93.37215,47.17022],[-93.3605,47.16437],[-93.34868,47.15865],[-93.33666,47.15306],[-93.32615,47.14818],[-93.31714,47.14399],[-93.30963,47.1405],[-93.30362,47.13771],[-93.29912,47.13562],[-93.29612,47.13422],[-93.29461,47.13353]],[[-93.47185,47.22937],[-93.47183,47.22937]],[[-93.3727,47.17119],[-93.36867,47.16946]],[[-93.28219,47.12619],[-93.20088,47.08714]],[[-93.15497,47.06919],[-93.1543,47.06889],[-93.15296,47.06827],[-93.15096,47.06735],[-93.14828,47.06613],[-93.14494,47.06459],[-93.14093,47.06275],[-93.13625,47.06061],[-93.1309,47.05815],[-93.12689,47.05631],[-93.12422,47.05509],[-93.12288,47.05447],[-93.12288,47.05447],[-93.12421,47.05509],[-93.12689,47.05631],[-93.1309,47.05815],[-93.13624,47.06061],[-93.14092,47.06275],[-93.14493,47.06459],[-93.14827,47.06613],[-93.15094,47.06736],[-93.15295,47.06828],[-93.15429,47.06889],[-93.15495,47.0692]],[[-92.9498,46.95139],[-92.95236,46.95292],[-92.95748,46.95598],[-92.96516,46.96057],[-92.97541,46.96669],[-92.98821,46.97435],[-93.00357,46.98353],[-93.02149,46.99425],[-93.04198,47.00649],[-93.05726,47.01566],[-93.06734,47.02175],[-93.07221,47.02476],[-93.07189,47.02469],[-93.06636,47.02154],[-93.05563,47.01531],[-93.0397,47.00601],[-93.01857,46.99362],[-92.99983,46.98226],[-92.98347,46.97193],[-92.9695,46.96263],[-92.95792,46.95436],[-92.94872,46.94711],[-92.94192,46.94089],[-92.9375,46.9357],[-92.93547,46.93153],[-92.92714,46.92365],[-92.91251,46.91205],[-92.89159,46.89674],[-92.86437,46.87771],[-92.83085,46.85496],[-92.79103,46.82849],[-92.74491,46.79831],[-92.6925,46.76441],[-92.64605,46.73456],[-92.60557,46.70877],[-92.57106,46.68704],[-92.54251,46.66937],[-92.51993,46.65574],[-92.50332,46.64618],[-92.49268,46.64067],[-92.488,46.63922],[-92.48352,46.638],[-92.47925,46.63703],[-92.47518,46.63629],[-92.47131,46.63579],[-92.46764,46.63554],[-92.46417,46.63552],[-92.46091,46.63574],[-92.45785,46.6362],[-92.45452,46.63622],[-92.45092,46.6358],[-92.44707,46.63494],[-92.44294,46.63364],[-92.43855,46.6319],[-92.4339,46.62973],[-92.42898,46.62711],[-92.4238,46.62405],[-92.41835,46.62114],[-92.41263,46.61838],[-92.40664,46.61576],[-92.40038,46.61329],[-92.39386,46.61096],[-92.38707,46.60878],[-92.38002,46.60674],[-92.37269,46.60485],[-92.36534,46.60318],[-92.35795,46.60171],[-92.35054,46.60046],[-92.34309,46.59942],[-92.33562,46.59859],[-92.32811,46.59798],[-92.32058,46.59758],[-92.31301,46.59739],[-92.30448,46.59777],[-92.29499,46.59873],[-92.28452,46.60026],[-92.2731,46.60237],[-92.2607,46.60505],[-92.24735,46.60831],[-92.23302,46.61214],[-92.21773,46.61655],[-92.20511,46.62007],[-92.19515,46.62272],[-92.18786,46.62448],[-92.18323,46.62536],[-92.18127,46.62537],[-92.18197,46.62449],[-92.18534,46.62273],[-92.19138,46.6201],[-92.19803,46.61757],[-92.20531,46.61515],[-92.21319,46.61284],[-92.2217,46.61063],[-92.23082,46.60854],[-92.24056,46.60656],[-92.25092,46.60468],[-92.2619,46.60291],[-92.2715,46.60136],[-92.27973,46.60004],[-92.28659,46.59893],[-92.29208,46.59805],[-92.29619,46.59738],[-92.29893,46.59694],[-92.30031,46.59672]],[[-92.9381,46.9383],[-92.93748,46.93782]],[[-92.43256,46.62602],[-92.41688,46.61965]],[[-92.40387,46.61293],[-92.3993,46.61145]],[[-92.16422,46.63197],[-92.16322,46.63234],[-92.16124,46.63309],[-92.15826,46.63421],[-92.15429,46.6357],[-92.14933,46.63757],[-92.14337,46.63981],[-92.13643,46.64243],[-92.12849,46.64542],[-92.12093,46.64854],[-92.11374,46.65178],[-92.10694,46.65515],[-92.10051,46.65864],[-92.09446,46.66226],[-92.08879,46.66601],[-92.08349,46.66989],[-92.07858,46.67389],[-92.07428,46.67739],[-92.07059,46.68039],[-92.06752,46.68289],[-92.06506,46.68489],[-92.06322,46.68639],[-92.06199,46.68739],[-92.06137,46.68789]]]}},{"type":"Feature","properties":{"Name":"Line 1"},"geometry":{"type":"MultiLineString","coordinates":[[[-94.67184,47.37674],[-94.67077,47.37692],[-94.66865,47.3773],[-94.66547,47.37786],[-94.66123,47.37861],[-94.65592,47.37954],[-94.64955,47.38067],[-94.64213,47.38198],[-94.63364,47.38347],[-94.62528,47.38458],[-94.61704,47.3853],[-94.60893,47.38563],[-94.60094,47.38557],[-94.59307,47.38512],[-94.58533,47.38428],[-94.57772,47.38305],[-94.57023,47.38144],[-94.56651,47.38005],[-94.56655,47.37888],[-94.57035,47.37793],[-94.57792,47.37721],[-94.58926,47.37672],[-94.60436,47.37645],[-94.62322,47.3764],[-94.64585,47.37658],[-94.66647,47.37693],[-94.68508,47.37745],[-94.70168,47.37814],[-94.71626,47.37901],[-94.72884,47.38005],[-94.7394,47.38127],[-94.74795,47.38265],[-94.75449,47.38421],[-94.76361,47.38737],[-94.7753,47.39212],[-94.78957,47.39846],[-94.80641,47.40639],[-94.82582,47.41592],[-94.84781,47.42705],[-94.87238,47.43976],[-94.89952,47.45408],[-94.9235,47.4669],[-94.9443,47.47822],[-94.96195,47.48806],[-94.97642,47.4964],[-94.98773,47.50324],[-94.99588,47.5086],[-95.00085,47.51246],[-95.00266,47.51483],[-95.00639,47.51821],[-95.01202,47.52259],[-95.01957,47.52799],[-95.02903,47.53439],[-95.0404,47.5418],[-95.05368,47.55023],[-95.06888,47.55966],[-95.08598,47.57009],[-95.10494,47.58053],[-95.12575,47.59095],[-95.14841,47.60137],[-95.17292,47.61178],[-95.19928,47.62219],[-95.2275,47.63259],[-95.25756,47.64298],[-95.28948,47.65336],[-95.31798,47.66246],[-95.34306,47.67028],[-95.36472,47.6768],[-95.38297,47.68204],[-95.3978,47.686],[-95.40921,47.68867],[-95.4172,47.69005],[-95.42178,47.69014],[-95.4301,47.69187],[-95.44215,47.69524],[-95.45795,47.70023],[-95.47748,47.70687],[-95.50076,47.71513],[-95.52778,47.72503],[-95.55853,47.73656],[-95.59303,47.74973],[-95.62752,47.76266],[-95.66201,47.77535],[-95.6965,47.78781],[-95.73098,47.80002],[-95.76546,47.812],[-95.79994,47.82374],[-95.83442,47.83524],[-95.86889,47.84651],[-95.89999,47.8569],[-95.92773,47.86641],[-95.95209,47.87504],[-95.97309,47.8828],[-95.99072,47.88969],[-96.00498,47.8957],[-96.01587,47.90083],[-96.02339,47.90508],[-96.03639,47.91368],[-96.05485,47.92662],[-96.07879,47.9439],[-96.1082,47.96552],[-96.14308,47.99149],[-96.18344,48.02179],[-96.22927,48.05644],[-96.28056,48.09543],[-96.33046,48.13295],[-96.37895,48.16899],[-96.42604,48.20355],[-96.47172,48.23664],[-96.516,48.26826],[-96.55887,48.2984],[-96.60034,48.32706],[-96.64041,48.35425],[-96.67785,48.37999],[-96.71268,48.40429],[-96.74489,48.42713],[-96.77447,48.44853],[-96.80144,48.46848],[-96.82579,48.48699],[-96.84752,48.50404],[-96.86663,48.51965],[-96.89311,48.54029],[-96.92696,48.56597],[-96.96819,48.59668],[-97.01678,48.63243],[-97.07275,48.67322],[-97.1361,48.71904],[-97.20681,48.7699],[-97.2849,48.82579],[-97.35529,48.87519],[-97.41799,48.9181],[-97.47299,48.9545],[-97.52029,48.98442],[-97.55991,49.00783],[-97.59182,49.02476],[-97.61604,49.03518],[-97.63257,49.03911],[-97.64815,49.04265],[-97.66279,49.0458],[-97.67649,49.04855],[-97.68924,49.05092],[-97.70106,49.05289],[-97.71193,49.05447],[-97.72185,49.05565],[-97.73084,49.05645],[-97.73894,49.05749],[-97.74618,49.05879],[-97.75253,49.06034],[-97.75802,49.06214],[-97.76262,49.06419],[-97.76635,49.06649],[-97.76921,49.06905],[-97.77119,49.07185],[-97.78242,49.0771],[-97.8029,49.08479],[-97.83262,49.09493],[-97.8716,49.10751],[-97.91982,49.12253],[-97.97729,49.13999],[-98.04402,49.1599],[-98.11998,49.18225],[-98.19635,49.20509],[-98.2731,49.22841],[-98.35025,49.25221],[-98.42779,49.2765],[-98.50573,49.30127],[-98.58406,49.32653],[-98.66278,49.35227],[-98.74189,49.37849],[-98.81501,49.40249],[-98.88212,49.42427],[-98.94323,49.44382],[-98.99833,49.46115],[-99.04744,49.47625],[-99.09054,49.48912],[-99.12764,49.49977],[-99.15874,49.5082],[-99.19726,49.51685],[-99.2432,49.52574],[-99.29656,49.53486],[-99.35734,49.54422],[-99.42554,49.55381],[-99.50116,49.56363],[-99.5842,49.57368],[-99.67466,49.58396],[-99.76118,49.59403],[-99.84375,49.6039],[-99.92239,49.61355],[-99.99708,49.62299],[-100.06783,49.63222],[-100.13464,49.64124],[-100.19751,49.65005],[-100.25644,49.65865],[-100.31007,49.66634],[-100.3584,49.67312],[-100.40144,49.67898],[-100.43918,49.68394],[-100.47163,49.68799],[-100.49877,49.69113],[-100.52063,49.69336],[-100.53719,49.69468],[-100.55276,49.69611],[-100.56735,49.69767],[-100.58095,49.69934],[-100.59358,49.70113],[-100.60521,49.70304],[-100.61587,49.70506],[-100.62554,49.70721],[-100.63422,49.70947],[-100.64543,49.71155],[-100.65916,49.71346],[-100.67541,49.71518],[-100.69419,49.71673],[-100.71549,49.7181],[-100.73931,49.71929],[-100.76565,49.7203],[-100.79452,49.72114],[-100.82014,49.72202],[-100.84251,49.72295],[-100.86163,49.72394],[-100.8775,49.72497],[-100.89013,49.72606],[-100.8995,49.7272],[-100.90563,49.72838],[-100.90851,49.72962],[-100.91606,49.73101],[-100.92827,49.73256],[-100.94516,49.73426],[-100.96671,49.73612],[-100.99293,49.73813],[-101.02382,49.74029],[-101.05937,49.74262],[-101.0996,49.74509],[-101.13604,49.74784],[-101.16871,49.75086],[-101.1976,49.75415],[-101.22271,49.75771],[-101.24404,49.76155],[-101.26159,49.76565],[-101.27536,49.77003],[-101.28535,49.77468],[-101.3004,49.78023],[-101.32051,49.78669],[-101.34568,49.79405],[-101.3759,49.80232],[-101.41118,49.81149],[-101.45152,49.82156],[-101.49692,49.83255],[-101.54737,49.84443],[-101.59438,49.85584],[-101.63793,49.86677],[-101.67803,49.87722],[-101.71468,49.88719],[-101.74788,49.89668],[-101.77763,49.9057],[-101.80393,49.91423],[-101.82678,49.92229],[-101.85188,49.93067],[-101.87924,49.93937],[-101.90885,49.94839],[-101.94071,49.95774],[-101.97483,49.96741],[-102.01121,49.97739],[-102.04984,49.9877],[-102.09072,49.99834],[-102.1367,50.00938],[-102.18778,50.02083],[-102.24396,50.0327],[-102.30523,50.04498],[-102.3716,50.05766],[-102.44307,50.07076],[-102.51964,50.08427],[-102.60131,50.09819],[-102.67573,50.11068],[-102.74291,50.12173],[-102.80285,50.13136],[-102.85555,50.13955],[-102.90101,50.14631],[-102.93923,50.15163],[-102.9702,50.15553],[-102.99394,50.15799],[-103.01614,50.16045],[-103.0368,50.16292],[-103.05593,50.16539],[-103.07352,50.16786],[-103.08957,50.17034],[-103.10409,50.17281],[-103.11707,50.17529],[-103.12852,50.17778],[-103.14259,50.18032],[-103.15928,50.1829],[-103.1786,50.18555],[-103.20054,50.18824],[-103.2251,50.19099],[-103.25229,50.19379],[-103.2821,50.19664],[-103.31453,50.19954],[-103.34515,50.2026],[-103.37394,50.20583],[-103.40092,50.20921],[-103.42608,50.21275],[-103.44942,50.21646],[-103.47095,50.22032],[-103.49065,50.22434],[-103.50854,50.22852],[-103.52574,50.23229],[-103.54226,50.23565],[-103.5581,50.23859],[-103.57325,50.24113],[-103.58772,50.24325],[-103.6015,50.24496],[-103.6146,50.24626],[-103.62702,50.24714],[-103.64444,50.24988],[-103.66687,50.25446],[-103.69431,50.26089],[-103.72675,50.26918],[-103.7642,50.27931],[-103.80665,50.29129],[-103.85411,50.30512],[-103.90658,50.3208],[-103.96021,50.3362],[-104.015,50.35132],[-104.07095,50.36615],[-104.12807,50.3807],[-104.18634,50.39498],[-104.24578,50.40896],[-104.30638,50.42267],[-104.36814,50.43609],[-104.42233,50.448],[-104.46896,50.4584],[-104.50802,50.46729],[-104.53952,50.47466],[-104.56345,50.48052],[-104.57982,50.48487],[-104.58863,50.48771],[-104.58986,50.48903],[-104.59632,50.49019],[-104.60799,50.4912],[-104.62487,50.49204],[-104.64698,50.49271],[-104.67429,50.49323],[-104.70683,50.49359],[-104.74458,50.49378],[-104.78754,50.49381],[-104.82899,50.49548],[-104.86891,50.49878],[-104.90732,50.50371],[-104.94421,50.51027],[-104.97958,50.51847],[-105.01343,50.5283],[-105.04576,50.53977],[-105.07657,50.55286],[-105.10739,50.5657],[-105.13823,50.57828],[-105.16907,50.5906],[-105.19992,50.60265],[-105.23078,50.61445],[-105.26165,50.62599],[-105.29253,50.63727],[-105.32342,50.64828],[-105.3562,50.6608],[-105.39088,50.67483],[-105.42745,50.69036],[-105.46592,50.7074],[-105.50628,50.72594],[-105.54854,50.74598],[-105.59269,50.76753],[-105.63873,50.79059],[-105.6937,50.81693],[-105.75759,50.84655],[-105.83041,50.87946],[-105.91215,50.91565],[-106.00282,50.95513],[-106.10241,50.99789],[-106.21093,51.04394],[-106.32837,51.09327],[-106.43466,51.13774],[-106.52981,51.17736],[-106.61381,51.21213],[-106.68666,51.24205],[-106.74837,51.26711],[-106.79893,51.28732],[-106.83834,51.30268],[-106.8666,51.31318],[-106.89605,51.32336],[-106.92667,51.33323],[-106.95847,51.34278],[-106.99145,51.35202],[-107.02562,51.36094],[-107.06096,51.36955],[-107.09748,51.37784],[-107.13517,51.38581],[-107.17635,51.39489],[-107.22102,51.4051],[-107.26916,51.41641],[-107.32078,51.42884],[-107.37589,51.44238],[-107.43448,51.45704],[-107.49655,51.47282],[-107.5621,51.4897],[-107.63583,51.50835],[-107.71774,51.52875],[-107.80784,51.55092],[-107.90611,51.57484],[-108.01257,51.60052],[-108.12721,51.62797],[-108.25003,51.65717],[-108.38103,51.68813],[-108.50517,51.71878],[-108.62245,51.7491],[-108.73287,51.77912],[-108.83644,51.80882],[-108.93314,51.8382],[-109.02299,51.86726],[-109.10598,51.89601],[-109.18211,51.92445],[-109.26643,51.9552],[-109.35893,51.98828],[-109.45962,52.02367],[-109.56851,52.06138],[-109.68558,52.10141],[-109.81083,52.14376],[-109.94428,52.18843],[-110.08591,52.23542],[-110.21176,52.2773],[-110.32181,52.31407],[-110.41608,52.34573],[-110.49455,52.37229],[-110.55724,52.39374],[-110.60413,52.41008],[-110.63524,52.42131],[-110.65055,52.42744],[-110.66989,52.43463],[-110.69324,52.44288],[-110.72061,52.45219],[-110.752,52.46257],[-110.78741,52.47401],[-110.82683,52.48652],[-110.87028,52.50008],[-110.91774,52.51471],[-110.9787,52.53464],[-111.05314,52.55987],[-111.14108,52.59039],[-111.24251,52.62621],[-111.35743,52.66733],[-111.48584,52.71375],[-111.62774,52.76546],[-111.78313,52.82247],[-111.92374,52.87395],[-112.04958,52.91988],[-112.16064,52.96028],[-112.25691,52.99514],[-112.33842,53.02446],[-112.40514,53.04824],[-112.45708,53.06648],[-112.49425,53.07919],[-112.53026,53.0912],[-112.56513,53.10251],[-112.59884,53.11313],[-112.63141,53.12305],[-112.66282,53.13228],[-112.69308,53.14081],[-112.72219,53.14865],[-112.75015,53.15579],[-112.77822,53.16343],[-112.80639,53.17156],[-112.83467,53.18018],[-112.86305,53.1893],[-112.89154,53.19891],[-112.92013,53.20901],[-112.94883,53.2196],[-112.97763,53.23069],[-113.00717,53.24464],[-113.03745,53.26146],[-113.06848,53.28115],[-113.10024,53.3037],[-113.13274,53.32912],[-113.16598,53.3574],[-113.19996,53.38856],[-113.23468,53.42257],[-113.26506,53.45234],[-113.2911,53.47785],[-113.3128,53.49912],[-113.33016,53.51613],[-113.34318,53.52888],[-113.35186,53.53739],[-113.3562,53.54164]],[[-94.80346,47.40028],[-94.80283,47.40005],[-94.80156,47.39958],[-94.79966,47.39888],[-94.79713,47.39794],[-94.79396,47.39678],[-94.79016,47.39537],[-94.78572,47.39374],[-94.78065,47.39187],[-94.77673,47.39039],[-94.77396,47.3893],[-94.77235,47.3886],[-94.77188,47.3883],[-94.77256,47.38838],[-94.7744,47.38885],[-94.77739,47.38971],[-94.78152,47.39097],[-94.78514,47.39206],[-94.78825,47.393],[-94.79083,47.39378],[-94.7929,47.39441],[-94.79445,47.39488],[-94.79549,47.39519],[-94.796,47.39535]],[[-94.53467,47.37003],[-94.28366,47.35221]],[[-94.26705,47.35031],[-94.26154,47.34985],[-94.25052,47.34892],[-94.23399,47.34752],[-94.21195,47.34565],[-94.1844,47.34332],[-94.15133,47.34053],[-94.11276,47.33727],[-94.06867,47.33354],[-94.02966,47.33047],[-93.99571,47.32807],[-93.96683,47.32632],[-93.94301,47.32523],[-93.92427,47.32481],[-93.91059,47.32504],[-93.90197,47.32594],[-93.89843,47.32749],[-93.89416,47.32879],[-93.88916,47.32984],[-93.88343,47.33064],[-93.87698,47.33119],[-93.8698,47.33148],[-93.86189,47.33152],[-93.85326,47.33131],[-93.8439,47.33085],[-93.83657,47.33052],[-93.83126,47.33032],[-93.82799,47.33025],[-93.82674,47.33032],[-93.82752,47.33052],[-93.83034,47.33085],[-93.83518,47.33132],[-93.84205,47.33192],[-93.84806,47.33244],[-93.85321,47.33289],[-93.8575,47.33326],[-93.86094,47.33356],[-93.86352,47.33378],[-93.86523,47.33393],[-93.86609,47.33401]],[[-93.96769,47.32317],[-93.91412,47.32058]],[[-93.89734,47.32908],[-93.89732,47.32911]],[[-93.78477,47.32452],[-93.78427,47.32455],[-93.78328,47.32461],[-93.78179,47.3247],[-93.7798,47.32483],[-93.77732,47.32498],[-93.77434,47.32516],[-93.77087,47.32538],[-93.7669,47.32562],[-93.76091,47.32482],[-93.75292,47.32297],[-93.74292,47.32007],[-93.73091,47.31612],[-93.71688,47.31113],[-93.70085,47.30508],[-93.6828,47.29799],[-93.66274,47.28984],[-93.64782,47.28371],[-93.63802,47.27958],[-93.63335,47.27747],[-93.63382,47.27736],[-93.63941,47.27926],[-93.65013,47.28317],[-93.66598,47.28908],[-93.68697,47.29701],[-93.70533,47.30394],[-93.72106,47.30989],[-93.73418,47.31484],[-93.74467,47.3188],[-93.75254,47.32177],[-93.75778,47.32376],[-93.76041,47.32475]],[[-93.49202,47.25298],[-93.49265,47.25317],[-93.49392,47.25356],[-93.49583,47.25415],[-93.49838,47.25493],[-93.50156,47.2559],[-93.50537,47.25707],[-93.50982,47.25843],[-93.51491,47.25999],[-93.5203,47.26129],[-93.52598,47.26233],[-93.53196,47.26311],[-93.53824,47.26364],[-93.54482,47.2639],[-93.55169,47.26391],[-93.55887,47.26365],[-93.56634,47.26314],[-93.57166,47.26251],[-93.57482,47.26177],[-93.57583,47.26091],[-93.57468,47.25994],[-93.57138,47.25886],[-93.56593,47.25765],[-93.55832,47.25634],[-93.54855,47.2549],[-93.53959,47.25342],[-93.53142,47.25189],[-93.52405,47.25031],[-93.51747,47.24868],[-93.51169,47.247],[-93.50671,47.24527],[-93.50253,47.2435],[-93.49914,47.24167],[-93.49618,47.24007],[-93.49364,47.2387],[-93.49153,47.23755],[-93.48983,47.23664],[-93.48856,47.23596],[-93.48772,47.2355],[-93.48729,47.23527]],[[-93.58538,47.26556],[-93.58536,47.26556]],[[-93.47758,47.24635],[-93.47753,47.24612],[-93.47745,47.24566],[-93.47733,47.24497],[-93.47716,47.24404],[-93.47695,47.24289],[-93.4767,47.2415],[-93.47641,47.23988],[-93.47608,47.23804],[-93.47447,47.23558],[-93.47159,47.23253],[-93.46744,47.22887],[-93.46201,47.22461],[-93.45531,47.21975],[-93.44733,47.21428],[-93.43808,47.20821],[-93.42756,47.20154],[-93.41685,47.195],[-93.40595,47.1886],[-93.39487,47.18234],[-93.3836,47.17621],[-93.37215,47.17022],[-93.3605,47.16437],[-93.34868,47.15865],[-93.33666,47.15306],[-93.32615,47.14818],[-93.31714,47.14399],[-93.30963,47.1405],[-93.30362,47.13771],[-93.29912,47.13562],[-93.29612,47.13422],[-93.29461,47.13353]],[[-93.47185,47.22937],[-93.47183,47.22937]],[[-93.3727,47.17119],[-93.36867,47.16946]],[[-93.28219,47.12619],[-93.20088,47.08714]],[[-93.15497,47.06919],[-93.1543,47.06889],[-93.15296,47.06827],[-93.15096,47.06735],[-93.14828,47.06613],[-93.14494,47.06459],[-93.14093,47.06275],[-93.13625,47.06061],[-93.1309,47.05815],[-93.12689,47.05631],[-93.12422,47.05509],[-93.12288,47.05447],[-93.12288,47.05447],[-93.12421,47.05509],[-93.12689,47.05631],[-93.1309,47.05815],[-93.13624,47.06061],[-93.14092,47.06275],[-93.14493,47.06459],[-93.14827,47.06613],[-93.15094,47.06736],[-93.15295,47.06828],[-93.15429,47.06889],[-93.15495,47.0692]],[[-92.9498,46.95139],[-92.95236,46.95292],[-92.95748,46.95598],[-92.96516,46.96057],[-92.97541,46.96669],[-92.98821,46.97435],[-93.00357,46.98353],[-93.02149,46.99425],[-93.04198,47.00649],[-93.05726,47.01566],[-93.06734,47.02175],[-93.07221,47.02476],[-93.07189,47.02469],[-93.06636,47.02154],[-93.05563,47.01531],[-93.0397,47.00601],[-93.01857,46.99362],[-92.99983,46.98226],[-92.98347,46.97193],[-92.9695,46.96263],[-92.95792,46.95436],[-92.94872,46.94711],[-92.94192,46.94089],[-92.9375,46.9357],[-92.93547,46.93153],[-92.92714,46.92365],[-92.91251,46.91205],[-92.89159,46.89674],[-92.86437,46.87771],[-92.83085,46.85496],[-92.79103,46.82849],[-92.74491,46.79831],[-92.6925,46.76441],[-92.64605,46.73456],[-92.60557,46.70877],[-92.57106,46.68704],[-92.54251,46.66937],[-92.51993,46.65574],[-92.50332,46.64618],[-92.49268,46.64067],[-92.488,46.63922],[-92.48352,46.638],[-92.47925,46.63703],[-92.47518,46.63629],[-92.47131,46.63579],[-92.46764,46.63554],[-92.46417,46.63552],[-92.46091,46.63574],[-92.45785,46.6362],[-92.45452,46.63622],[-92.45092,46.6358],[-92.44707,46.63494],[-92.44294,46.63364],[-92.43855,46.6319],[-92.4339,46.62973],[-92.42898,46.62711],[-92.4238,46.62405],[-92.41835,46.62114],[-92.41263,46.61838],[-92.40664,46.61576],[-92.40038,46.61329],[-92.39386,46.61096],[-92.38707,46.60878],[-92.38002,46.60674],[-92.37269,46.60485],[-92.36534,46.60318],[-92.35795,46.60171],[-92.35054,46.60046],[-92.34309,46.59942],[-92.33562,46.59859],[-92.32811,46.59798],[-92.32058,46.59758],[-92.31301,46.59739],[-92.30448,46.59777],[-92.29499,46.59873],[-92.28452,46.60026],[-92.2731,46.60237],[-92.2607,46.60505],[-92.24735,46.60831],[-92.23302,46.61214],[-92.21773,46.61655],[-92.20511,46.62007],[-92.19515,46.62272],[-92.18786,46.62448],[-92.18323,46.62536],[-92.18127,46.62537],[-92.18197,46.62449],[-92.18534,46.62273],[-92.19138,46.6201],[-92.19803,46.61757],[-92.20531,46.61515],[-92.21319,46.61284],[-92.2217,46.61063],[-92.23082,46.60854],[-92.24056,46.60656],[-92.25092,46.60468],[-92.2619,46.60291],[-92.2715,46.60136],[-92.27973,46.60004],[-92.28659,46.59893],[-92.29208,46.59805],[-92.29619,46.59738],[-92.29893,46.59694],[-92.30031,46.59672]],[[-92.9381,46.9383],[-92.93748,46.93782]],[[-92.43256,46.62602],[-92.41688,46.61965]],[[-92.40387,46.61293],[-92.3993,46.61145]],[[-92.16422,46.63197],[-92.16322,46.63234],[-92.16124,46.63309],[-92.15826,46.63421],[-92.15429,46.6357],[-92.14933,46.63757],[-92.14337,46.63981],[-92.13643,46.64243],[-92.12849,46.64542],[-92.12093,46.64854],[-92.11374,46.65178],[-92.10694,46.65515],[-92.10051,46.65864],[-92.09446,46.66226],[-92.08879,46.66601],[-92.08349,46.66989],[-92.07858,46.67389],[-92.07428,46.67739],[-92.07059,46.68039],[-92.06752,46.68289],[-92.06506,46.68489],[-92.06322,46.68639],[-92.06199,46.68739],[-92.06137,46.68789]]]}},{"type":"Feature","properties":{"Name":"Line 11"},"geometry":{"type":"MultiLineString","coordinates":[[[-80.09108,43.32847],[-80.09047,43.32628],[-80.08925,43.3219],[-80.08742,43.31534],[-80.08498,43.30658],[-80.08192,43.29563],[-80.07826,43.2825],[-80.07399,43.26718],[-80.06911,43.24966],[-80.06433,43.23403],[-80.05967,43.22026],[-80.0551,43.20837],[-80.05065,43.19835],[-80.0463,43.19021],[-80.04206,43.18394],[-80.03793,43.17955],[-80.03391,43.17703],[-80.02827,43.17442],[-80.02101,43.17174],[-80.01215,43.16896],[-80.00167,43.16611],[-79.98957,43.16317],[-79.97587,43.16014],[-79.96054,43.15703],[-79.94361,43.15384],[-79.92934,43.14979],[-79.91773,43.14488],[-79.90878,43.13911],[-79.90249,43.13249],[-79.89887,43.12501],[-79.89791,43.11667],[-79.89961,43.10748],[-79.90397,43.09743],[-79.90842,43.08851],[-79.91294,43.08072],[-79.91755,43.07406],[-79.92223,43.06854],[-79.927,43.06415],[-79.93185,43.06088],[-79.93678,43.05875],[-79.94178,43.05775],[-79.94738,43.05508],[-79.95357,43.05073],[-79.96034,43.04471],[-79.96771,43.03701],[-79.97567,43.02764],[-79.98422,43.0166],[-79.99335,43.00388],[-80.00308,42.98948],[-80.01226,42.97666],[-80.02088,42.96542],[-80.02896,42.95576],[-80.03649,42.94767],[-80.04347,42.94116],[-80.0499,42.93623],[-80.05579,42.93287],[-80.06112,42.93109],[-80.06579,42.92894],[-80.06982,42.9264],[-80.07318,42.92348],[-80.07589,42.92019],[-80.07795,42.91651],[-80.07935,42.91246],[-80.08009,42.90803],[-80.08018,42.90322],[-80.07997,42.89831],[-80.07946,42.89331],[-80.07866,42.88821],[-80.07755,42.88301],[-80.07615,42.87772],[-80.07446,42.87233],[-80.07246,42.86684],[-80.07017,42.86126],[-80.06796,42.8563],[-80.06584,42.85196],[-80.06382,42.84824],[-80.06188,42.84514],[-80.06002,42.84266],[-80.05826,42.84081],[-80.05658,42.83958],[-80.055,42.83896],[-80.05361,42.83843],[-80.05242,42.83797],[-80.05142,42.83759],[-80.05063,42.83728],[-80.05003,42.83705],[-80.04964,42.8369],[-80.04944,42.83682]]]}},{"type":"Feature","properties":{"Name":"Line 62"},"geometry":{"type":"MultiLineString","coordinates":[[[-88.64921,40.94237],[-88.64624,40.94345],[-88.6403,40.9456],[-88.63139,40.94884],[-88.6195,40.95316],[-88.60465,40.95855],[-88.58682,40.96502],[-88.56603,40.97257],[-88.54226,40.9812],[-88.51162,40.99378],[-88.47411,41.0103],[-88.42973,41.03077],[-88.37848,41.05519],[-88.32036,41.08355],[-88.25537,41.11586],[-88.18351,41.15211],[-88.10477,41.19231],[-88.03285,41.22884],[-87.96773,41.26168],[-87.90943,41.29085],[-87.85794,41.31633],[-87.81326,41.33814],[-87.77539,41.35627],[-87.74433,41.37072],[-87.72008,41.38149],[-87.69625,41.39174],[-87.67282,41.40148],[-87.64981,41.4107],[-87.62721,41.41941],[-87.60501,41.42759],[-87.58324,41.43527],[-87.56187,41.44242],[-87.54091,41.44906],[-87.52255,41.45542],[-87.50678,41.4615],[-87.49361,41.46731],[-87.48304,41.47283],[-87.47506,41.47808],[-87.46967,41.48304],[-87.46688,41.48773],[-87.46668,41.49214],[-87.46626,41.49602],[-87.46561,41.49938],[-87.46474,41.50222],[-87.46365,41.50453],[-87.46233,41.50632],[-87.46079,41.50759],[-87.45902,41.50833],[-87.45703,41.50854],[-87.45528,41.50873],[-87.45379,41.50889],[-87.45254,41.50903],[-87.45155,41.50914],[-87.4508,41.50922],[-87.4503,41.50927],[-87.45005,41.5093]]]}}]}